version,date,time,candidate,region,sort,pct_transmitted,start_transmitted,count,increment,count_leni,count_bbm,inc_leni,inc_bbm
2,5/9/16,9:23:32 PM,BBM,CAR,0.5,0.6208,0.6208,306456,306456,0,-306456,0,-306456
2,5/9/16,9:23:32 PM,BBM,REGION I,1,0.7632,0.7632,1376254,1376254,0,-1376254,0,-1376254
2,5/9/16,9:23:32 PM,BBM,REGION II,2,0.7173,0.7173,815291,815291,0,-815291,0,-815291
2,5/9/16,9:23:32 PM,BBM,REGION III,3,0.8355,0.8355,1783617,1783617,0,-1783617,0,-1783617
2,5/9/16,9:23:32 PM,BBM,NCR,3.5,0.9050,0.9050,1972875,1972875,0,-1972875,0,-1972875
2,5/9/16,9:23:32 PM,BBM,REGION IV-A,4,0.7476,0.7476,1460990,1460990,0,-1460990,0,-1460990
2,5/9/16,9:23:32 PM,BBM,REGION IV-B,4,0.4697,0.4697,145061,145061,0,-145061,0,-145061
2,5/9/16,9:23:32 PM,BBM,REGION V,5,0.5443,0.5443,107261,107261,0,-107261,0,-107261
2,5/9/16,9:23:32 PM,BBM,REGION VI,6,0.6294,0.6294,189172,189172,0,-189172,0,-189172
2,5/9/16,9:23:32 PM,BBM,NIR,6.5,0.6117,0.6117,159163,159163,0,-159163,0,-159163
2,5/9/16,9:23:32 PM,BBM,REGION VII,7,0.6051,0.6051,274473,274473,0,-274473,0,-274473
2,5/9/16,9:23:32 PM,BBM,REGION VIII,8,0.4658,0.4658,406644,406644,0,-406644,0,-406644
2,5/9/16,9:23:32 PM,BBM,REGION IX,9,0.5499,0.5499,190149,190149,0,-190149,0,-190149
2,5/9/16,9:23:32 PM,BBM,REGION X,10,0.6169,0.6169,298271,298271,0,-298271,0,-298271
2,5/9/16,9:23:32 PM,BBM,REGION XI,11,0.5686,0.5686,273816,273816,0,-273816,0,-273816
2,5/9/16,9:23:32 PM,BBM,REGION XII,12,0.5303,0.5303,291089,291089,0,-291089,0,-291089
2,5/9/16,9:23:32 PM,BBM,REGION XIII,13,0.4361,0.4361,115702,115702,0,-115702,0,-115702
2,5/9/16,9:23:32 PM,BBM,ARMM,14,0.2028,0.2028,75572,75572,0,-75572,0,-75572
2,5/9/16,9:23:32 PM,BBM,OAV,15,0.0000,0.0000,0,0,0,0,0,0
2,5/9/16,9:23:32 PM,Leni,CAR,0.5,0.6208,0.6208,78173,78173,78173,0,78173,0
2,5/9/16,9:23:32 PM,Leni,REGION I,1,0.7632,0.7632,227836,227836,227836,0,227836,0
2,5/9/16,9:23:32 PM,Leni,REGION II,2,0.7173,0.7173,132135,132135,132135,0,132135,0
2,5/9/16,9:23:32 PM,Leni,REGION III,3,0.8355,0.8355,1133769,1133769,1133769,0,1133769,0
2,5/9/16,9:23:32 PM,Leni,NCR,3.5,0.9050,0.9050,1237767,1237767,1237767,0,1237767,0
2,5/9/16,9:23:32 PM,Leni,REGION IV-A,4,0.7476,0.7476,1484627,1484627,1484627,0,1484627,0
2,5/9/16,9:23:32 PM,Leni,REGION IV-B,4,0.4697,0.4697,237799,237799,237799,0,237799,0
2,5/9/16,9:23:32 PM,Leni,REGION V,5,0.5443,0.5443,900730,900730,900730,0,900730,0
2,5/9/16,9:23:32 PM,Leni,REGION VI,6,0.6294,0.6294,842577,842577,842577,0,842577,0
2,5/9/16,9:23:32 PM,Leni,NIR,6.5,0.6117,0.6117,642963,642963,642963,0,642963,0
2,5/9/16,9:23:32 PM,Leni,REGION VII,7,0.6051,0.6051,691473,691473,691473,0,691473,0
2,5/9/16,9:23:32 PM,Leni,REGION VIII,8,0.4658,0.4658,318101,318101,318101,0,318101,0
2,5/9/16,9:23:32 PM,Leni,REGION IX,9,0.5499,0.5499,267123,267123,267123,0,267123,0
2,5/9/16,9:23:32 PM,Leni,REGION X,10,0.6169,0.6169,441440,441440,441440,0,441440,0
2,5/9/16,9:23:32 PM,Leni,REGION XI,11,0.5686,0.5686,117505,117505,117505,0,117505,0
2,5/9/16,9:23:32 PM,Leni,REGION XII,12,0.5303,0.5303,243425,243425,243425,0,243425,0
2,5/9/16,9:23:32 PM,Leni,REGION XIII,13,0.4361,0.4361,195323,195323,195323,0,195323,0
2,5/9/16,9:23:32 PM,Leni,ARMM,14,0.2028,0.2028,113499,113499,113499,0,113499,0
2,5/9/16,9:23:32 PM,Leni,OAV,15,0.0000,0.0000,0,0,0,0,0,0
3,5/9/16,10:11:27 PM,BBM,CAR,0.5,0.6732,0.6208,327971,21515,0,-327971,0,-21515
3,5/9/16,10:11:27 PM,BBM,REGION I,1,0.7978,0.7632,1436563,60309,0,-1436563,0,-60309
3,5/9/16,10:11:27 PM,BBM,REGION II,2,0.7727,0.7173,865642,50351,0,-865642,0,-50351
3,5/9/16,10:11:27 PM,BBM,REGION III,3,0.8686,0.8355,1853788,70171,0,-1853788,0,-70171
3,5/9/16,10:11:27 PM,BBM,NCR,3.5,0.9305,0.9050,2029716,56841,0,-2029716,0,-56841
3,5/9/16,10:11:27 PM,BBM,REGION IV-A,4,0.7813,0.7476,1508287,47297,0,-1508287,0,-47297
3,5/9/16,10:11:27 PM,BBM,REGION IV-B,4,0.5000,0.4697,152709,7648,0,-152709,0,-7648
3,5/9/16,10:11:27 PM,BBM,REGION V,5,0.5933,0.5443,116284,9023,0,-116284,0,-9023
3,5/9/16,10:11:27 PM,BBM,REGION VI,6,0.6715,0.6294,199196,10024,0,-199196,0,-10024
3,5/9/16,10:11:27 PM,BBM,NIR,6.5,0.6424,0.6117,165467,6304,0,-165467,0,-6304
3,5/9/16,10:11:27 PM,BBM,REGION VII,7,0.6506,0.6051,289710,15237,0,-289710,0,-15237
3,5/9/16,10:11:27 PM,BBM,REGION VIII,8,0.5255,0.4658,443536,36892,0,-443536,0,-36892
3,5/9/16,10:11:27 PM,BBM,REGION IX,9,0.5956,0.5499,202629,12480,0,-202629,0,-12480
3,5/9/16,10:11:27 PM,BBM,REGION X,10,0.6793,0.6169,325158,26887,0,-325158,0,-26887
3,5/9/16,10:11:27 PM,BBM,REGION XI,11,0.6300,0.5686,303221,29405,0,-303221,0,-29405
3,5/9/16,10:11:27 PM,BBM,REGION XII,12,0.6207,0.5303,333764,42675,0,-333764,0,-42675
3,5/9/16,10:11:27 PM,BBM,REGION XIII,13,0.4687,0.4361,122518,6816,0,-122518,0,-6816
3,5/9/16,10:11:27 PM,BBM,ARMM,14,0.2501,0.2028,96640,21068,0,-96640,0,-21068
3,5/9/16,10:11:27 PM,BBM,OAV,15,0.0000,0.0000,0,0,0,0,0,0
3,5/9/16,10:11:27 PM,Leni,CAR,0.5,0.6732,0.6208,84451,6278,84451,0,6278,0
3,5/9/16,10:11:27 PM,Leni,REGION I,1,0.7978,0.7632,237629,9793,237629,0,9793,0
3,5/9/16,10:11:27 PM,Leni,REGION II,2,0.7727,0.7173,143749,11614,143749,0,11614,0
3,5/9/16,10:11:27 PM,Leni,REGION III,3,0.8686,0.8355,1171847,38078,1171847,0,38078,0
3,5/9/16,10:11:27 PM,Leni,NCR,3.5,0.9305,0.9050,1274071,36304,1274071,0,36304,0
3,5/9/16,10:11:27 PM,Leni,REGION IV-A,4,0.7813,0.7476,1549262,64635,1549262,0,64635,0
3,5/9/16,10:11:27 PM,Leni,REGION IV-B,4,0.5000,0.4697,253545,15746,253545,0,15746,0
3,5/9/16,10:11:27 PM,Leni,REGION V,5,0.5933,0.5443,971496,70766,971496,0,70766,0
3,5/9/16,10:11:27 PM,Leni,REGION VI,6,0.6715,0.6294,897603,55026,897603,0,55026,0
3,5/9/16,10:11:27 PM,Leni,NIR,6.5,0.6424,0.6117,673670,30707,673670,0,30707,0
3,5/9/16,10:11:27 PM,Leni,REGION VII,7,0.6506,0.6051,740617,49144,740617,0,49144,0
3,5/9/16,10:11:27 PM,Leni,REGION VIII,8,0.5255,0.4658,355843,37742,355843,0,37742,0
3,5/9/16,10:11:27 PM,Leni,REGION IX,9,0.5956,0.5499,288652,21529,288652,0,21529,0
3,5/9/16,10:11:27 PM,Leni,REGION X,10,0.6793,0.6169,484937,43497,484937,0,43497,0
3,5/9/16,10:11:27 PM,Leni,REGION XI,11,0.6300,0.5686,134831,17326,134831,0,17326,0
3,5/9/16,10:11:27 PM,Leni,REGION XII,12,0.6207,0.5303,281039,37614,281039,0,37614,0
3,5/9/16,10:11:27 PM,Leni,REGION XIII,13,0.4687,0.4361,211508,16185,211508,0,16185,0
3,5/9/16,10:11:27 PM,Leni,ARMM,14,0.2501,0.2028,142071,28572,142071,0,28572,0
3,5/9/16,10:11:27 PM,Leni,OAV,15,0.0000,0.0000,0,0,0,0,0,0
4,5/9/16,10:35:21 PM,BBM,CAR,0.5,0.6929,0.6208,337754,31298,0,-337754,0,-31298
4,5/9/16,10:35:21 PM,BBM,REGION I,1,0.8145,0.7632,1465966,89712,0,-1465966,0,-89712
4,5/9/16,10:35:21 PM,BBM,REGION II,2,0.7896,0.7173,884251,68960,0,-884251,0,-68960
4,5/9/16,10:35:21 PM,BBM,REGION III,3,0.8826,0.8355,1884018,100401,0,-1884018,0,-100401
4,5/9/16,10:35:21 PM,BBM,NCR,3.5,0.9365,0.9050,2042715,69840,0,-2042715,0,-69840
4,5/9/16,10:35:21 PM,BBM,REGION IV-A,4,0.7937,0.7476,1525904,64914,0,-1525904,0,-64914
4,5/9/16,10:35:21 PM,BBM,REGION IV-B,4,0.5169,0.4697,156376,11315,0,-156376,0,-11315
4,5/9/16,10:35:21 PM,BBM,REGION V,5,0.6486,0.5443,125868,18607,0,-125868,0,-18607
4,5/9/16,10:35:21 PM,BBM,REGION VI,6,0.7176,0.6294,210786,21614,0,-210786,0,-21614
4,5/9/16,10:35:21 PM,BBM,NIR,6.5,0.6807,0.6117,172929,13766,0,-172929,0,-13766
4,5/9/16,10:35:21 PM,BBM,REGION VII,7,0.7117,0.6051,307609,33136,0,-307609,0,-33136
4,5/9/16,10:35:21 PM,BBM,REGION VIII,8,0.5838,0.4658,479605,72961,0,-479605,0,-72961
4,5/9/16,10:35:21 PM,BBM,REGION IX,9,0.6449,0.5499,216848,26699,0,-216848,0,-26699
4,5/9/16,10:35:21 PM,BBM,REGION X,10,0.7210,0.6169,341334,43063,0,-341334,0,-43063
4,5/9/16,10:35:21 PM,BBM,REGION XI,11,0.6614,0.5686,318449,44633,0,-318449,0,-44633
4,5/9/16,10:35:21 PM,BBM,REGION XII,12,0.6777,0.5303,360968,69879,0,-360968,0,-69879
4,5/9/16,10:35:21 PM,BBM,REGION XIII,13,0.5118,0.4361,131888,16186,0,-131888,0,-16186
4,5/9/16,10:35:21 PM,BBM,ARMM,14,0.2645,0.2028,102317,26745,0,-102317,0,-26745
4,5/9/16,10:35:21 PM,BBM,OAV,15,0.0000,0.0000,0,0,0,0,0,0
4,5/9/16,10:35:21 PM,Leni,CAR,0.5,0.6929,0.6208,86981,8808,86981,0,8808,0
4,5/9/16,10:35:21 PM,Leni,REGION I,1,0.8145,0.7632,243221,15385,243221,0,15385,0
4,5/9/16,10:35:21 PM,Leni,REGION II,2,0.7896,0.7173,146627,14492,146627,0,14492,0
4,5/9/16,10:35:21 PM,Leni,REGION III,3,0.8826,0.8355,1189253,55484,1189253,0,55484,0
4,5/9/16,10:35:21 PM,Leni,NCR,3.5,0.9365,0.9050,1282417,44650,1282417,0,44650,0
4,5/9/16,10:35:21 PM,Leni,REGION IV-A,4,0.7937,0.7476,1573083,88456,1573083,0,88456,0
4,5/9/16,10:35:21 PM,Leni,REGION IV-B,4,0.5169,0.4697,262411,24612,262411,0,24612,0
4,5/9/16,10:35:21 PM,Leni,REGION V,5,0.6486,0.5443,1050637,149907,1050637,0,149907,0
4,5/9/16,10:35:21 PM,Leni,REGION VI,6,0.7176,0.6294,954014,111437,954014,0,111437,0
4,5/9/16,10:35:21 PM,Leni,NIR,6.5,0.6807,0.6117,711522,68559,711522,0,68559,0
4,5/9/16,10:35:21 PM,Leni,REGION VII,7,0.7117,0.6051,809204,117731,809204,0,117731,0
4,5/9/16,10:35:21 PM,Leni,REGION VIII,8,0.5838,0.4658,397856,79755,397856,0,79755,0
4,5/9/16,10:35:21 PM,Leni,REGION IX,9,0.6449,0.5499,309860,42737,309860,0,42737,0
4,5/9/16,10:35:21 PM,Leni,REGION X,10,0.7210,0.6169,514451,73011,514451,0,73011,0
4,5/9/16,10:35:21 PM,Leni,REGION XI,11,0.6614,0.5686,144040,26535,144040,0,26535,0
4,5/9/16,10:35:21 PM,Leni,REGION XII,12,0.6777,0.5303,306297,62872,306297,0,62872,0
4,5/9/16,10:35:21 PM,Leni,REGION XIII,13,0.5118,0.4361,231715,36392,231715,0,36392,0
4,5/9/16,10:35:21 PM,Leni,ARMM,14,0.2645,0.2028,149662,36163,149662,0,36163,0
4,5/9/16,10:35:21 PM,Leni,OAV,15,0.0000,0.0000,0,0,0,0,0,0
5,5/9/16,10:35:28 PM,BBM,CAR,0.5,0.6929,0.6208,337754,31298,0,-337754,0,-31298
5,5/9/16,10:35:28 PM,BBM,REGION I,1,0.8145,0.7632,1465966,89712,0,-1465966,0,-89712
5,5/9/16,10:35:28 PM,BBM,REGION II,2,0.7896,0.7173,884251,68960,0,-884251,0,-68960
5,5/9/16,10:35:28 PM,BBM,REGION III,3,0.8826,0.8355,1884018,100401,0,-1884018,0,-100401
5,5/9/16,10:35:28 PM,BBM,NCR,3.5,0.9365,0.9050,2042715,69840,0,-2042715,0,-69840
5,5/9/16,10:35:28 PM,BBM,REGION IV-A,4,0.7937,0.7476,1525904,64914,0,-1525904,0,-64914
5,5/9/16,10:35:28 PM,BBM,REGION IV-B,4,0.5169,0.4697,156376,11315,0,-156376,0,-11315
5,5/9/16,10:35:28 PM,BBM,REGION V,5,0.6486,0.5443,125868,18607,0,-125868,0,-18607
5,5/9/16,10:35:28 PM,BBM,REGION VI,6,0.7176,0.6294,210786,21614,0,-210786,0,-21614
5,5/9/16,10:35:28 PM,BBM,NIR,6.5,0.6807,0.6117,172929,13766,0,-172929,0,-13766
5,5/9/16,10:35:28 PM,BBM,REGION VII,7,0.7117,0.6051,307609,33136,0,-307609,0,-33136
5,5/9/16,10:35:28 PM,BBM,REGION VIII,8,0.5838,0.4658,479605,72961,0,-479605,0,-72961
5,5/9/16,10:35:28 PM,BBM,REGION IX,9,0.6449,0.5499,216848,26699,0,-216848,0,-26699
5,5/9/16,10:35:28 PM,BBM,REGION X,10,0.7210,0.6169,341334,43063,0,-341334,0,-43063
5,5/9/16,10:35:28 PM,BBM,REGION XI,11,0.6614,0.5686,318449,44633,0,-318449,0,-44633
5,5/9/16,10:35:28 PM,BBM,REGION XII,12,0.6777,0.5303,360968,69879,0,-360968,0,-69879
5,5/9/16,10:35:28 PM,BBM,REGION XIII,13,0.5118,0.4361,131888,16186,0,-131888,0,-16186
5,5/9/16,10:35:28 PM,BBM,ARMM,14,0.2645,0.2028,102317,26745,0,-102317,0,-26745
5,5/9/16,10:35:28 PM,BBM,OAV,15,0.0000,0.0000,0,0,0,0,0,0
5,5/9/16,10:35:28 PM,Leni,CAR,0.5,0.6929,0.6208,86981,8808,86981,0,8808,0
5,5/9/16,10:35:28 PM,Leni,REGION I,1,0.8145,0.7632,243221,15385,243221,0,15385,0
5,5/9/16,10:35:28 PM,Leni,REGION II,2,0.7896,0.7173,146627,14492,146627,0,14492,0
5,5/9/16,10:35:28 PM,Leni,REGION III,3,0.8826,0.8355,1189253,55484,1189253,0,55484,0
5,5/9/16,10:35:28 PM,Leni,NCR,3.5,0.9365,0.9050,1282417,44650,1282417,0,44650,0
5,5/9/16,10:35:28 PM,Leni,REGION IV-A,4,0.7937,0.7476,1573083,88456,1573083,0,88456,0
5,5/9/16,10:35:28 PM,Leni,REGION IV-B,4,0.5169,0.4697,262411,24612,262411,0,24612,0
5,5/9/16,10:35:28 PM,Leni,REGION V,5,0.6486,0.5443,1050637,149907,1050637,0,149907,0
5,5/9/16,10:35:28 PM,Leni,REGION VI,6,0.7176,0.6294,954014,111437,954014,0,111437,0
5,5/9/16,10:35:28 PM,Leni,NIR,6.5,0.6807,0.6117,711522,68559,711522,0,68559,0
5,5/9/16,10:35:28 PM,Leni,REGION VII,7,0.7117,0.6051,809204,117731,809204,0,117731,0
5,5/9/16,10:35:28 PM,Leni,REGION VIII,8,0.5838,0.4658,397856,79755,397856,0,79755,0
5,5/9/16,10:35:28 PM,Leni,REGION IX,9,0.6449,0.5499,309860,42737,309860,0,42737,0
5,5/9/16,10:35:28 PM,Leni,REGION X,10,0.7210,0.6169,514451,73011,514451,0,73011,0
5,5/9/16,10:35:28 PM,Leni,REGION XI,11,0.6614,0.5686,144040,26535,144040,0,26535,0
5,5/9/16,10:35:28 PM,Leni,REGION XII,12,0.6777,0.5303,306297,62872,306297,0,62872,0
5,5/9/16,10:35:28 PM,Leni,REGION XIII,13,0.5118,0.4361,231715,36392,231715,0,36392,0
5,5/9/16,10:35:28 PM,Leni,ARMM,14,0.2645,0.2028,149662,36163,149662,0,36163,0
5,5/9/16,10:35:28 PM,Leni,OAV,15,0.0000,0.0000,0,0,0,0,0,0
6,5/9/16,11:01:31 PM,BBM,CAR,0.5,0.7312,0.6208,355749,49293,0,-355749,0,-49293
6,5/9/16,11:01:31 PM,BBM,REGION I,1,0.8445,0.7632,1519720,143466,0,-1519720,0,-143466
6,5/9/16,11:01:31 PM,BBM,REGION II,2,0.8222,0.7173,916582,101291,0,-916582,0,-101291
6,5/9/16,11:01:31 PM,BBM,REGION III,3,0.9096,0.8355,1941910,158293,0,-1941910,0,-158293
6,5/9/16,11:01:31 PM,BBM,NCR,3.5,0.9438,0.9050,2059239,86364,0,-2059239,0,-86364
6,5/9/16,11:01:31 PM,BBM,REGION IV-A,4,0.8182,0.7476,1560647,99657,0,-1560647,0,-99657
6,5/9/16,11:01:31 PM,BBM,REGION IV-B,4,0.5586,0.4697,168851,23790,0,-168851,0,-23790
6,5/9/16,11:01:31 PM,BBM,REGION V,5,0.6771,0.5443,130762,23501,0,-130762,0,-23501
6,5/9/16,11:01:31 PM,BBM,REGION VI,6,0.7530,0.6294,220697,31525,0,-220697,0,-31525
6,5/9/16,11:01:31 PM,BBM,NIR,6.5,0.7354,0.6117,183153,23990,0,-183153,0,-23990
6,5/9/16,11:01:31 PM,BBM,REGION VII,7,0.7439,0.6051,317224,42751,0,-317224,0,-42751
6,5/9/16,11:01:31 PM,BBM,REGION VIII,8,0.6246,0.4658,504241,97597,0,-504241,0,-97597
6,5/9/16,11:01:31 PM,BBM,REGION IX,9,0.6677,0.5499,224316,34167,0,-224316,0,-34167
6,5/9/16,11:01:31 PM,BBM,REGION X,10,0.7496,0.6169,351835,53564,0,-351835,0,-53564
6,5/9/16,11:01:31 PM,BBM,REGION XI,11,0.6894,0.5686,331957,58141,0,-331957,0,-58141
6,5/9/16,11:01:31 PM,BBM,REGION XII,12,0.7158,0.5303,379118,88029,0,-379118,0,-88029
6,5/9/16,11:01:31 PM,BBM,REGION XIII,13,0.5369,0.4361,136820,21118,0,-136820,0,-21118
6,5/9/16,11:01:31 PM,BBM,ARMM,14,0.3187,0.2028,119698,44126,0,-119698,0,-44126
6,5/9/16,11:01:31 PM,BBM,OAV,15,0.0000,0.0000,0,0,0,0,0,0
6,5/9/16,11:01:31 PM,Leni,CAR,0.5,0.7312,0.6208,92092,13919,92092,0,13919,0
6,5/9/16,11:01:31 PM,Leni,REGION I,1,0.8445,0.7632,252270,24434,252270,0,24434,0
6,5/9/16,11:01:31 PM,Leni,REGION II,2,0.8222,0.7173,152670,20535,152670,0,20535,0
6,5/9/16,11:01:31 PM,Leni,REGION III,3,0.9096,0.8355,1221775,88006,1221775,0,88006,0
6,5/9/16,11:01:31 PM,Leni,NCR,3.5,0.9438,0.9050,1292058,54291,1292058,0,54291,0
6,5/9/16,11:01:31 PM,Leni,REGION IV-A,4,0.8182,0.7476,1621601,136974,1621601,0,136974,0
6,5/9/16,11:01:31 PM,Leni,REGION IV-B,4,0.5586,0.4697,282515,44716,282515,0,44716,0
6,5/9/16,11:01:31 PM,Leni,REGION V,5,0.6771,0.5443,1094747,194017,1094747,0,194017,0
6,5/9/16,11:01:31 PM,Leni,REGION VI,6,0.7530,0.6294,998389,155812,998389,0,155812,0
6,5/9/16,11:01:31 PM,Leni,NIR,6.5,0.7354,0.6117,761844,118881,761844,0,118881,0
6,5/9/16,11:01:31 PM,Leni,REGION VII,7,0.7439,0.6051,843883,152410,843883,0,152410,0
6,5/9/16,11:01:31 PM,Leni,REGION VIII,8,0.6246,0.4658,428923,110822,428923,0,110822,0
6,5/9/16,11:01:31 PM,Leni,REGION IX,9,0.6677,0.5499,320209,53086,320209,0,53086,0
6,5/9/16,11:01:31 PM,Leni,REGION X,10,0.7496,0.6169,536354,94914,536354,0,94914,0
6,5/9/16,11:01:31 PM,Leni,REGION XI,11,0.6894,0.5686,151179,33674,151179,0,33674,0
6,5/9/16,11:01:31 PM,Leni,REGION XII,12,0.7158,0.5303,320915,77490,320915,0,77490,0
6,5/9/16,11:01:31 PM,Leni,REGION XIII,13,0.5369,0.4361,244270,48947,244270,0,48947,0
6,5/9/16,11:01:31 PM,Leni,ARMM,14,0.3187,0.2028,187770,74271,187770,0,74271,0
6,5/9/16,11:01:31 PM,Leni,OAV,15,0.0000,0.0000,0,0,0,0,0,0
7,5/9/16,11:02:14 PM,BBM,CAR,0.5,0.7312,0.6208,355749,49293,0,-355749,0,-49293
7,5/9/16,11:02:14 PM,BBM,REGION I,1,0.8445,0.7632,1519720,143466,0,-1519720,0,-143466
7,5/9/16,11:02:14 PM,BBM,REGION II,2,0.8222,0.7173,916582,101291,0,-916582,0,-101291
7,5/9/16,11:02:14 PM,BBM,REGION III,3,0.9096,0.8355,1941910,158293,0,-1941910,0,-158293
7,5/9/16,11:02:14 PM,BBM,NCR,3.5,0.9438,0.9050,2059239,86364,0,-2059239,0,-86364
7,5/9/16,11:02:14 PM,BBM,REGION IV-A,4,0.8182,0.7476,1560647,99657,0,-1560647,0,-99657
7,5/9/16,11:02:14 PM,BBM,REGION IV-B,4,0.5586,0.4697,168851,23790,0,-168851,0,-23790
7,5/9/16,11:02:14 PM,BBM,REGION V,5,0.6771,0.5443,130762,23501,0,-130762,0,-23501
7,5/9/16,11:02:14 PM,BBM,REGION VI,6,0.7530,0.6294,220697,31525,0,-220697,0,-31525
7,5/9/16,11:02:14 PM,BBM,NIR,6.5,0.7354,0.6117,183153,23990,0,-183153,0,-23990
7,5/9/16,11:02:14 PM,BBM,REGION VII,7,0.7439,0.6051,317224,42751,0,-317224,0,-42751
7,5/9/16,11:02:14 PM,BBM,REGION VIII,8,0.6246,0.4658,504241,97597,0,-504241,0,-97597
7,5/9/16,11:02:14 PM,BBM,REGION IX,9,0.6677,0.5499,224316,34167,0,-224316,0,-34167
7,5/9/16,11:02:14 PM,BBM,REGION X,10,0.7496,0.6169,351835,53564,0,-351835,0,-53564
7,5/9/16,11:02:14 PM,BBM,REGION XI,11,0.6894,0.5686,331957,58141,0,-331957,0,-58141
7,5/9/16,11:02:14 PM,BBM,REGION XII,12,0.7158,0.5303,379118,88029,0,-379118,0,-88029
7,5/9/16,11:02:14 PM,BBM,REGION XIII,13,0.5369,0.4361,136820,21118,0,-136820,0,-21118
7,5/9/16,11:02:14 PM,BBM,ARMM,14,0.3187,0.2028,119698,44126,0,-119698,0,-44126
7,5/9/16,11:02:14 PM,BBM,OAV,15,0.0000,0.0000,0,0,0,0,0,0
7,5/9/16,11:02:14 PM,Leni,CAR,0.5,0.7312,0.6208,92092,13919,92092,0,13919,0
7,5/9/16,11:02:14 PM,Leni,REGION I,1,0.8445,0.7632,252270,24434,252270,0,24434,0
7,5/9/16,11:02:14 PM,Leni,REGION II,2,0.8222,0.7173,152670,20535,152670,0,20535,0
7,5/9/16,11:02:14 PM,Leni,REGION III,3,0.9096,0.8355,1221775,88006,1221775,0,88006,0
7,5/9/16,11:02:14 PM,Leni,NCR,3.5,0.9438,0.9050,1292058,54291,1292058,0,54291,0
7,5/9/16,11:02:14 PM,Leni,REGION IV-A,4,0.8182,0.7476,1621601,136974,1621601,0,136974,0
7,5/9/16,11:02:14 PM,Leni,REGION IV-B,4,0.5586,0.4697,282515,44716,282515,0,44716,0
7,5/9/16,11:02:14 PM,Leni,REGION V,5,0.6771,0.5443,1094747,194017,1094747,0,194017,0
7,5/9/16,11:02:14 PM,Leni,REGION VI,6,0.7530,0.6294,998389,155812,998389,0,155812,0
7,5/9/16,11:02:14 PM,Leni,NIR,6.5,0.7354,0.6117,761844,118881,761844,0,118881,0
7,5/9/16,11:02:14 PM,Leni,REGION VII,7,0.7439,0.6051,843883,152410,843883,0,152410,0
7,5/9/16,11:02:14 PM,Leni,REGION VIII,8,0.6246,0.4658,428923,110822,428923,0,110822,0
7,5/9/16,11:02:14 PM,Leni,REGION IX,9,0.6677,0.5499,320209,53086,320209,0,53086,0
7,5/9/16,11:02:14 PM,Leni,REGION X,10,0.7496,0.6169,536354,94914,536354,0,94914,0
7,5/9/16,11:02:14 PM,Leni,REGION XI,11,0.6894,0.5686,151179,33674,151179,0,33674,0
7,5/9/16,11:02:14 PM,Leni,REGION XII,12,0.7158,0.5303,320915,77490,320915,0,77490,0
7,5/9/16,11:02:14 PM,Leni,REGION XIII,13,0.5369,0.4361,244270,48947,244270,0,48947,0
7,5/9/16,11:02:14 PM,Leni,ARMM,14,0.3187,0.2028,187770,74271,187770,0,74271,0
7,5/9/16,11:02:14 PM,Leni,OAV,15,0.0000,0.0000,0,0,0,0,0,0
8,5/9/16,11:37:15 PM,BBM,CAR,0.5,0.7700,0.6208,372004,65548,0,-372004,0,-65548
8,5/9/16,11:37:15 PM,BBM,REGION I,1,0.8705,0.7632,1565647,189393,0,-1565647,0,-189393
8,5/9/16,11:37:15 PM,BBM,REGION II,2,0.8467,0.7173,941414,126123,0,-941414,0,-126123
8,5/9/16,11:37:15 PM,BBM,REGION III,3,0.9321,0.8355,1990214,206597,0,-1990214,0,-206597
8,5/9/16,11:37:15 PM,BBM,NCR,3.5,0.9495,0.9050,2072344,99469,0,-2072344,0,-99469
8,5/9/16,11:37:15 PM,BBM,REGION IV-A,4,0.8512,0.7476,1610271,149281,0,-1610271,0,-149281
8,5/9/16,11:37:15 PM,BBM,REGION IV-B,4,0.6172,0.4697,183838,38777,0,-183838,0,-38777
8,5/9/16,11:37:15 PM,BBM,REGION V,5,0.7373,0.5443,142351,35090,0,-142351,0,-35090
8,5/9/16,11:37:15 PM,BBM,REGION VI,6,0.8097,0.6294,232794,43622,0,-232794,0,-43622
8,5/9/16,11:37:15 PM,BBM,NIR,6.5,0.7805,0.6117,191550,32387,0,-191550,0,-32387
8,5/9/16,11:37:15 PM,BBM,REGION VII,7,0.8048,0.6051,336490,62017,0,-336490,0,-62017
8,5/9/16,11:37:15 PM,BBM,REGION VIII,8,0.6955,0.4658,551182,144538,0,-551182,0,-144538
8,5/9/16,11:37:15 PM,BBM,REGION IX,9,0.6944,0.5499,233481,43332,0,-233481,0,-43332
8,5/9/16,11:37:15 PM,BBM,REGION X,10,0.7789,0.6169,363937,65666,0,-363937,0,-65666
8,5/9/16,11:37:15 PM,BBM,REGION XI,11,0.7140,0.5686,344750,70934,0,-344750,0,-70934
8,5/9/16,11:37:15 PM,BBM,REGION XII,12,0.7531,0.5303,398142,107053,0,-398142,0,-107053
8,5/9/16,11:37:15 PM,BBM,REGION XIII,13,0.5560,0.4361,140890,25188,0,-140890,0,-25188
8,5/9/16,11:37:15 PM,BBM,ARMM,14,0.3728,0.2028,137737,62165,0,-137737,0,-62165
8,5/9/16,11:37:15 PM,BBM,OAV,15,0.0000,0.0000,0,0,0,0,0,0
8,5/9/16,11:37:15 PM,Leni,CAR,0.5,0.7700,0.6208,98061,19888,98061,0,19888,0
8,5/9/16,11:37:15 PM,Leni,REGION I,1,0.8705,0.7632,260403,32567,260403,0,32567,0
8,5/9/16,11:37:15 PM,Leni,REGION II,2,0.8467,0.7173,158281,26146,158281,0,26146,0
8,5/9/16,11:37:15 PM,Leni,REGION III,3,0.9321,0.8355,1248574,114805,1248574,0,114805,0
8,5/9/16,11:37:15 PM,Leni,NCR,3.5,0.9495,0.9050,1300254,62487,1300254,0,62487,0
8,5/9/16,11:37:15 PM,Leni,REGION IV-A,4,0.8512,0.7476,1687179,202552,1687179,0,202552,0
8,5/9/16,11:37:15 PM,Leni,REGION IV-B,4,0.6172,0.4697,312082,74283,312082,0,74283,0
8,5/9/16,11:37:15 PM,Leni,REGION V,5,0.7373,0.5443,1179216,278486,1179216,0,278486,0
8,5/9/16,11:37:15 PM,Leni,REGION VI,6,0.8097,0.6294,1069200,226623,1069200,0,226623,0
8,5/9/16,11:37:15 PM,Leni,NIR,6.5,0.7805,0.6117,803832,160869,803832,0,160869,0
8,5/9/16,11:37:15 PM,Leni,REGION VII,7,0.8048,0.6051,909324,217851,909324,0,217851,0
8,5/9/16,11:37:15 PM,Leni,REGION VIII,8,0.6955,0.4658,477410,159309,477410,0,159309,0
8,5/9/16,11:37:15 PM,Leni,REGION IX,9,0.6944,0.5499,331895,64772,331895,0,64772,0
8,5/9/16,11:37:15 PM,Leni,REGION X,10,0.7789,0.6169,558984,117544,558984,0,117544,0
8,5/9/16,11:37:15 PM,Leni,REGION XI,11,0.7140,0.5686,157223,39718,157223,0,39718,0
8,5/9/16,11:37:15 PM,Leni,REGION XII,12,0.7531,0.5303,334925,91500,334925,0,91500,0
8,5/9/16,11:37:15 PM,Leni,REGION XIII,13,0.5560,0.4361,253983,58660,253983,0,58660,0
8,5/9/16,11:37:15 PM,Leni,ARMM,14,0.3728,0.2028,224160,110661,224160,0,110661,0
8,5/9/16,11:37:15 PM,Leni,OAV,15,0.0000,0.0000,0,0,0,0,0,0
9,5/9/16,11:37:23 PM,BBM,CAR,0.5,0.7700,0.6208,372004,65548,0,-372004,0,-65548
9,5/9/16,11:37:23 PM,BBM,REGION I,1,0.8705,0.7632,1565647,189393,0,-1565647,0,-189393
9,5/9/16,11:37:23 PM,BBM,REGION II,2,0.8467,0.7173,941414,126123,0,-941414,0,-126123
9,5/9/16,11:37:23 PM,BBM,REGION III,3,0.9321,0.8355,1990214,206597,0,-1990214,0,-206597
9,5/9/16,11:37:23 PM,BBM,NCR,3.5,0.9495,0.9050,2072344,99469,0,-2072344,0,-99469
9,5/9/16,11:37:23 PM,BBM,REGION IV-A,4,0.8512,0.7476,1610271,149281,0,-1610271,0,-149281
9,5/9/16,11:37:23 PM,BBM,REGION IV-B,4,0.6172,0.4697,183838,38777,0,-183838,0,-38777
9,5/9/16,11:37:23 PM,BBM,REGION V,5,0.7373,0.5443,142351,35090,0,-142351,0,-35090
9,5/9/16,11:37:23 PM,BBM,REGION VI,6,0.8097,0.6294,232794,43622,0,-232794,0,-43622
9,5/9/16,11:37:23 PM,BBM,NIR,6.5,0.7805,0.6117,191550,32387,0,-191550,0,-32387
9,5/9/16,11:37:23 PM,BBM,REGION VII,7,0.8048,0.6051,336490,62017,0,-336490,0,-62017
9,5/9/16,11:37:23 PM,BBM,REGION VIII,8,0.6955,0.4658,551182,144538,0,-551182,0,-144538
9,5/9/16,11:37:23 PM,BBM,REGION IX,9,0.6944,0.5499,233481,43332,0,-233481,0,-43332
9,5/9/16,11:37:23 PM,BBM,REGION X,10,0.7789,0.6169,363937,65666,0,-363937,0,-65666
9,5/9/16,11:37:23 PM,BBM,REGION XI,11,0.7140,0.5686,344750,70934,0,-344750,0,-70934
9,5/9/16,11:37:23 PM,BBM,REGION XII,12,0.7531,0.5303,398142,107053,0,-398142,0,-107053
9,5/9/16,11:37:23 PM,BBM,REGION XIII,13,0.5560,0.4361,140890,25188,0,-140890,0,-25188
9,5/9/16,11:37:23 PM,BBM,ARMM,14,0.3728,0.2028,137737,62165,0,-137737,0,-62165
9,5/9/16,11:37:23 PM,BBM,OAV,15,0.0000,0.0000,0,0,0,0,0,0
9,5/9/16,11:37:23 PM,Leni,CAR,0.5,0.7700,0.6208,98061,19888,98061,0,19888,0
9,5/9/16,11:37:23 PM,Leni,REGION I,1,0.8705,0.7632,260403,32567,260403,0,32567,0
9,5/9/16,11:37:23 PM,Leni,REGION II,2,0.8467,0.7173,158281,26146,158281,0,26146,0
9,5/9/16,11:37:23 PM,Leni,REGION III,3,0.9321,0.8355,1248574,114805,1248574,0,114805,0
9,5/9/16,11:37:23 PM,Leni,NCR,3.5,0.9495,0.9050,1300254,62487,1300254,0,62487,0
9,5/9/16,11:37:23 PM,Leni,REGION IV-A,4,0.8512,0.7476,1687179,202552,1687179,0,202552,0
9,5/9/16,11:37:23 PM,Leni,REGION IV-B,4,0.6172,0.4697,312082,74283,312082,0,74283,0
9,5/9/16,11:37:23 PM,Leni,REGION V,5,0.7373,0.5443,1179216,278486,1179216,0,278486,0
9,5/9/16,11:37:23 PM,Leni,REGION VI,6,0.8097,0.6294,1069200,226623,1069200,0,226623,0
9,5/9/16,11:37:23 PM,Leni,NIR,6.5,0.7805,0.6117,803832,160869,803832,0,160869,0
9,5/9/16,11:37:23 PM,Leni,REGION VII,7,0.8048,0.6051,909324,217851,909324,0,217851,0
9,5/9/16,11:37:23 PM,Leni,REGION VIII,8,0.6955,0.4658,477410,159309,477410,0,159309,0
9,5/9/16,11:37:23 PM,Leni,REGION IX,9,0.6944,0.5499,331895,64772,331895,0,64772,0
9,5/9/16,11:37:23 PM,Leni,REGION X,10,0.7789,0.6169,558984,117544,558984,0,117544,0
9,5/9/16,11:37:23 PM,Leni,REGION XI,11,0.7140,0.5686,157223,39718,157223,0,39718,0
9,5/9/16,11:37:23 PM,Leni,REGION XII,12,0.7531,0.5303,334925,91500,334925,0,91500,0
9,5/9/16,11:37:23 PM,Leni,REGION XIII,13,0.5560,0.4361,253983,58660,253983,0,58660,0
9,5/9/16,11:37:23 PM,Leni,ARMM,14,0.3728,0.2028,224160,110661,224160,0,110661,0
9,5/9/16,11:37:23 PM,Leni,OAV,15,0.0000,0.0000,0,0,0,0,0,0
10,5/10/16,4:26:38 AM,BBM,CAR,0.5,0.8180,0.6208,387759,81303,0,-387759,0,-81303
10,5/10/16,4:26:38 AM,BBM,REGION I,1,0.9265,0.7632,1656672,280418,0,-1656672,0,-280418
10,5/10/16,4:26:38 AM,BBM,REGION II,2,0.8898,0.7173,985645,170354,0,-985645,0,-170354
10,5/10/16,4:26:38 AM,BBM,REGION III,3,0.9652,0.8355,2063295,279678,0,-2063295,0,-279678
10,5/10/16,4:26:38 AM,BBM,NCR,3.5,0.9793,0.9050,2140279,167404,0,-2140279,0,-167404
10,5/10/16,4:26:38 AM,BBM,REGION IV-A,4,0.9396,0.7476,1770772,309782,0,-1770772,0,-309782
10,5/10/16,4:26:38 AM,BBM,REGION IV-B,4,0.7825,0.4697,225396,80335,0,-225396,0,-80335
10,5/10/16,4:26:38 AM,BBM,REGION V,5,0.8809,0.5443,170601,63340,0,-170601,0,-63340
10,5/10/16,4:26:38 AM,BBM,REGION VI,6,0.8730,0.6294,249304,60132,0,-249304,0,-60132
10,5/10/16,4:26:38 AM,BBM,NIR,6.5,0.9229,0.6117,217908,58745,0,-217908,0,-58745
10,5/10/16,4:26:38 AM,BBM,REGION VII,7,0.9469,0.6051,380903,106430,0,-380903,0,-106430
10,5/10/16,4:26:38 AM,BBM,REGION VIII,8,0.8533,0.4658,661288,254644,0,-661288,0,-254644
10,5/10/16,4:26:38 AM,BBM,REGION IX,9,0.8912,0.5499,290848,100699,0,-290848,0,-100699
10,5/10/16,4:26:38 AM,BBM,REGION X,10,0.9044,0.6169,412793,114522,0,-412793,0,-114522
10,5/10/16,4:26:38 AM,BBM,REGION XI,11,0.8858,0.5686,431144,157328,0,-431144,0,-157328
10,5/10/16,4:26:38 AM,BBM,REGION XII,12,0.9011,0.5303,475828,184739,0,-475828,0,-184739
10,5/10/16,4:26:38 AM,BBM,REGION XIII,13,0.7224,0.4361,179566,63864,0,-179566,0,-63864
10,5/10/16,4:26:38 AM,BBM,ARMM,14,0.5316,0.2028,196605,121033,0,-196605,0,-121033
10,5/10/16,4:26:38 AM,BBM,OAV,15,0.1222,0.0000,29267,29267,0,-29267,0,-29267
10,5/10/16,4:26:38 AM,Leni,CAR,0.5,0.8180,0.6208,103696,25523,103696,0,25523,0
10,5/10/16,4:26:38 AM,Leni,REGION I,1,0.9265,0.7632,286312,58476,286312,0,58476,0
10,5/10/16,4:26:38 AM,Leni,REGION II,2,0.8898,0.7173,167064,34929,167064,0,34929,0
10,5/10/16,4:26:38 AM,Leni,REGION III,3,0.9652,0.8355,1288962,155193,1288962,0,155193,0
10,5/10/16,4:26:38 AM,Leni,NCR,3.5,0.9793,0.9050,1338661,100894,1338661,0,100894,0
10,5/10/16,4:26:38 AM,Leni,REGION IV-A,4,0.9396,0.7476,1864679,380052,1864679,0,380052,0
10,5/10/16,4:26:38 AM,Leni,REGION IV-B,4,0.7825,0.4697,398360,160561,398360,0,160561,0
10,5/10/16,4:26:38 AM,Leni,REGION V,5,0.8809,0.5443,1384152,483422,1384152,0,483422,0
10,5/10/16,4:26:38 AM,Leni,REGION VI,6,0.8730,0.6294,1148233,305656,1148233,0,305656,0
10,5/10/16,4:26:38 AM,Leni,NIR,6.5,0.9229,0.6117,924583,281620,924583,0,281620,0
10,5/10/16,4:26:38 AM,Leni,REGION VII,7,0.9469,0.6051,1067642,376169,1067642,0,376169,0
10,5/10/16,4:26:38 AM,Leni,REGION VIII,8,0.8533,0.4658,591336,273235,591336,0,273235,0
10,5/10/16,4:26:38 AM,Leni,REGION IX,9,0.8912,0.5499,437669,170546,437669,0,170546,0
10,5/10/16,4:26:38 AM,Leni,REGION X,10,0.9044,0.6169,653197,211757,653197,0,211757,0
10,5/10/16,4:26:38 AM,Leni,REGION XI,11,0.8858,0.5686,213624,96119,213624,0,96119,0
10,5/10/16,4:26:38 AM,Leni,REGION XII,12,0.9011,0.5303,396931,153506,396931,0,153506,0
10,5/10/16,4:26:38 AM,Leni,REGION XIII,13,0.7224,0.4361,338224,142901,338224,0,142901,0
10,5/10/16,4:26:38 AM,Leni,ARMM,14,0.5316,0.2028,320743,207244,320743,0,207244,0
10,5/10/16,4:26:38 AM,Leni,OAV,15,0.1222,0.0000,15705,15705,15705,0,15705,0
11,5/10/16,6:32:40 AM,BBM,CAR,0.5,0.8220,0.6208,389084,82628,0,-389084,0,-82628
11,5/10/16,6:32:40 AM,BBM,REGION I,1,0.9286,0.7632,1659142,282888,0,-1659142,0,-282888
11,5/10/16,6:32:40 AM,BBM,REGION II,2,0.8940,0.7173,988666,173375,0,-988666,0,-173375
11,5/10/16,6:32:40 AM,BBM,REGION III,3,0.9665,0.8355,2065999,282382,0,-2065999,0,-282382
11,5/10/16,6:32:40 AM,BBM,NCR,3.5,0.9837,0.9050,2150390,177515,0,-2150390,0,-177515
11,5/10/16,6:32:40 AM,BBM,REGION IV-A,4,0.9487,0.7476,1789749,328759,0,-1789749,0,-328759
11,5/10/16,6:32:40 AM,BBM,REGION IV-B,4,0.7994,0.4697,229403,84342,0,-229403,0,-84342
11,5/10/16,6:32:40 AM,BBM,REGION V,5,0.8929,0.5443,172811,65550,0,-172811,0,-65550
11,5/10/16,6:32:40 AM,BBM,REGION VI,6,0.8763,0.6294,250474,61302,0,-250474,0,-61302
11,5/10/16,6:32:40 AM,BBM,NIR,6.5,0.9341,0.6117,219362,60199,0,-219362,0,-60199
11,5/10/16,6:32:40 AM,BBM,REGION VII,7,0.9526,0.6051,382274,107801,0,-382274,0,-107801
11,5/10/16,6:32:40 AM,BBM,REGION VIII,8,0.8599,0.4658,666461,259817,0,-666461,0,-259817
11,5/10/16,6:32:40 AM,BBM,REGION IX,9,0.9059,0.5499,294037,103888,0,-294037,0,-103888
11,5/10/16,6:32:40 AM,BBM,REGION X,10,0.9138,0.6169,419422,121151,0,-419422,0,-121151
11,5/10/16,6:32:40 AM,BBM,REGION XI,11,0.8958,0.5686,434797,160981,0,-434797,0,-160981
11,5/10/16,6:32:40 AM,BBM,REGION XII,12,0.9084,0.5303,478402,187313,0,-478402,0,-187313
11,5/10/16,6:32:40 AM,BBM,REGION XIII,13,0.7366,0.4361,182886,67184,0,-182886,0,-67184
11,5/10/16,6:32:40 AM,BBM,ARMM,14,0.5669,0.2028,207819,132247,0,-207819,0,-132247
11,5/10/16,6:32:40 AM,BBM,OAV,15,0.1454,0.0000,35121,35121,0,-35121,0,-35121
11,5/10/16,6:32:40 AM,Leni,CAR,0.5,0.8220,0.6208,104177,26004,104177,0,26004,0
11,5/10/16,6:32:40 AM,Leni,REGION I,1,0.9286,0.7632,287355,59519,287355,0,59519,0
11,5/10/16,6:32:40 AM,Leni,REGION II,2,0.8940,0.7173,168594,36459,168594,0,36459,0
11,5/10/16,6:32:40 AM,Leni,REGION III,3,0.9665,0.8355,1291317,157548,1291317,0,157548,0
11,5/10/16,6:32:40 AM,Leni,NCR,3.5,0.9837,0.9050,1344605,106838,1344605,0,106838,0
11,5/10/16,6:32:40 AM,Leni,REGION IV-A,4,0.9487,0.7476,1881728,397101,1881728,0,397101,0
11,5/10/16,6:32:40 AM,Leni,REGION IV-B,4,0.7994,0.4697,407868,170069,407868,0,170069,0
11,5/10/16,6:32:40 AM,Leni,REGION V,5,0.8929,0.5443,1402383,501653,1402383,0,501653,0
11,5/10/16,6:32:40 AM,Leni,REGION VI,6,0.8763,0.6294,1152684,310107,1152684,0,310107,0
11,5/10/16,6:32:40 AM,Leni,NIR,6.5,0.9341,0.6117,932781,289818,932781,0,289818,0
11,5/10/16,6:32:40 AM,Leni,REGION VII,7,0.9526,0.6051,1074817,383344,1074817,0,383344,0
11,5/10/16,6:32:40 AM,Leni,REGION VIII,8,0.8599,0.4658,597334,279233,597334,0,279233,0
11,5/10/16,6:32:40 AM,Leni,REGION IX,9,0.9059,0.5499,445414,178291,445414,0,178291,0
11,5/10/16,6:32:40 AM,Leni,REGION X,10,0.9138,0.6169,660953,219513,660953,0,219513,0
11,5/10/16,6:32:40 AM,Leni,REGION XI,11,0.8958,0.5686,219005,101500,219005,0,101500,0
11,5/10/16,6:32:40 AM,Leni,REGION XII,12,0.9084,0.5303,399928,156503,399928,0,156503,0
11,5/10/16,6:32:40 AM,Leni,REGION XIII,13,0.7366,0.4361,346348,151025,346348,0,151025,0
11,5/10/16,6:32:40 AM,Leni,ARMM,14,0.5669,0.2028,340730,227231,340730,0,227231,0
11,5/10/16,6:32:40 AM,Leni,OAV,15,0.1454,0.0000,18432,18432,18432,0,18432,0
12,5/10/16,9:34:54 AM,BBM,CAR,0.5,0.8396,0.6208,396371,89915,0,-396371,0,-89915
12,5/10/16,9:34:54 AM,BBM,REGION I,1,0.9299,0.7632,1660706,284452,0,-1660706,0,-284452
12,5/10/16,9:34:54 AM,BBM,REGION II,2,0.9018,0.7173,993060,177769,0,-993060,0,-177769
12,5/10/16,9:34:54 AM,BBM,REGION III,3,0.9679,0.8355,2069657,286040,0,-2069657,0,-286040
12,5/10/16,9:34:54 AM,BBM,NCR,3.5,0.9860,0.9050,2155323,182448,0,-2155323,0,-182448
12,5/10/16,9:34:54 AM,BBM,REGION IV-A,4,0.9573,0.7476,1806096,345106,0,-1806096,0,-345106
12,5/10/16,9:34:54 AM,BBM,REGION IV-B,4,0.8294,0.4697,235483,90422,0,-235483,0,-90422
12,5/10/16,9:34:54 AM,BBM,REGION V,5,0.9152,0.5443,176842,69581,0,-176842,0,-69581
12,5/10/16,9:34:54 AM,BBM,REGION VI,6,0.8885,0.6294,251974,62802,0,-251974,0,-62802
12,5/10/16,9:34:54 AM,BBM,NIR,6.5,0.9503,0.6117,221668,62505,0,-221668,0,-62505
12,5/10/16,9:34:54 AM,BBM,REGION VII,7,0.9598,0.6051,384388,109915,0,-384388,0,-109915
12,5/10/16,9:34:54 AM,BBM,REGION VIII,8,0.8823,0.4658,677592,270948,0,-677592,0,-270948
12,5/10/16,9:34:54 AM,BBM,REGION IX,9,0.9150,0.5499,296402,106253,0,-296402,0,-106253
12,5/10/16,9:34:54 AM,BBM,REGION X,10,0.9265,0.6169,420781,122510,0,-420781,0,-122510
12,5/10/16,9:34:54 AM,BBM,REGION XI,11,0.9114,0.5686,441638,167822,0,-441638,0,-167822
12,5/10/16,9:34:54 AM,BBM,REGION XII,12,0.9264,0.5303,485596,194507,0,-485596,0,-194507
12,5/10/16,9:34:54 AM,BBM,REGION XIII,13,0.7565,0.4361,187073,71371,0,-187073,0,-71371
12,5/10/16,9:34:54 AM,BBM,ARMM,14,0.6138,0.2028,226016,150444,0,-226016,0,-150444
12,5/10/16,9:34:54 AM,BBM,OAV,15,0.1556,0.0000,38245,38245,0,-38245,0,-38245
12,5/10/16,9:34:54 AM,Leni,CAR,0.5,0.8396,0.6208,105226,27053,105226,0,27053,0
12,5/10/16,9:34:54 AM,Leni,REGION I,1,0.9299,0.7632,287871,60035,287871,0,60035,0
12,5/10/16,9:34:54 AM,Leni,REGION II,2,0.9018,0.7173,172132,39997,172132,0,39997,0
12,5/10/16,9:34:54 AM,Leni,REGION III,3,0.9679,0.8355,1293177,159408,1293177,0,159408,0
12,5/10/16,9:34:54 AM,Leni,NCR,3.5,0.9860,0.9050,1347808,110041,1347808,0,110041,0
12,5/10/16,9:34:54 AM,Leni,REGION IV-A,4,0.9573,0.7476,1895321,410694,1895321,0,410694,0
12,5/10/16,9:34:54 AM,Leni,REGION IV-B,4,0.8294,0.4697,424228,186429,424228,0,186429,0
12,5/10/16,9:34:54 AM,Leni,REGION V,5,0.9152,0.5443,1431138,530408,1431138,0,530408,0
12,5/10/16,9:34:54 AM,Leni,REGION VI,6,0.8885,0.6294,1165133,322556,1165133,0,322556,0
12,5/10/16,9:34:54 AM,Leni,NIR,6.5,0.9503,0.6117,944462,301499,944462,0,301499,0
12,5/10/16,9:34:54 AM,Leni,REGION VII,7,0.9598,0.6051,1081586,390113,1081586,0,390113,0
12,5/10/16,9:34:54 AM,Leni,REGION VIII,8,0.8823,0.4658,612765,294664,612765,0,294664,0
12,5/10/16,9:34:54 AM,Leni,REGION IX,9,0.9150,0.5499,450147,183024,450147,0,183024,0
12,5/10/16,9:34:54 AM,Leni,REGION X,10,0.9265,0.6169,669576,228136,669576,0,228136,0
12,5/10/16,9:34:54 AM,Leni,REGION XI,11,0.9114,0.5686,222856,105351,222856,0,105351,0
12,5/10/16,9:34:54 AM,Leni,REGION XII,12,0.9264,0.5303,405654,162229,405654,0,162229,0
12,5/10/16,9:34:54 AM,Leni,REGION XIII,13,0.7565,0.4361,355767,160444,355767,0,160444,0
12,5/10/16,9:34:54 AM,Leni,ARMM,14,0.6138,0.2028,367205,253706,367205,0,253706,0
12,5/10/16,9:34:54 AM,Leni,OAV,15,0.1556,0.0000,19289,19289,19289,0,19289,0
13,5/10/16,10:30:42 AM,BBM,CAR,0.5,0.8457,0.6208,398901,92445,0,-398901,0,-92445
13,5/10/16,10:30:42 AM,BBM,REGION I,1,0.9302,0.7632,1661103,284849,0,-1661103,0,-284849
13,5/10/16,10:30:42 AM,BBM,REGION II,2,0.9037,0.7173,994356,179065,0,-994356,0,-179065
13,5/10/16,10:30:42 AM,BBM,REGION III,3,0.9699,0.8355,2073727,290110,0,-2073727,0,-290110
13,5/10/16,10:30:42 AM,BBM,NCR,3.5,0.9880,0.9050,2160473,187598,0,-2160473,0,-187598
13,5/10/16,10:30:42 AM,BBM,REGION IV-A,4,0.9579,0.7476,1806611,345621,0,-1806611,0,-345621
13,5/10/16,10:30:42 AM,BBM,REGION IV-B,4,0.8411,0.4697,237439,92378,0,-237439,0,-92378
13,5/10/16,10:30:42 AM,BBM,REGION V,5,0.9284,0.5443,179573,72312,0,-179573,0,-72312
13,5/10/16,10:30:42 AM,BBM,REGION VI,6,0.8922,0.6294,252889,63717,0,-252889,0,-63717
13,5/10/16,10:30:42 AM,BBM,NIR,6.5,0.9536,0.6117,221895,62732,0,-221895,0,-62732
13,5/10/16,10:30:42 AM,BBM,REGION VII,7,0.9615,0.6051,384969,110496,0,-384969,0,-110496
13,5/10/16,10:30:42 AM,BBM,REGION VIII,8,0.8959,0.4658,682441,275797,0,-682441,0,-275797
13,5/10/16,10:30:42 AM,BBM,REGION IX,9,0.9196,0.5499,297258,107109,0,-297258,0,-107109
13,5/10/16,10:30:42 AM,BBM,REGION X,10,0.9290,0.6169,421304,123033,0,-421304,0,-123033
13,5/10/16,10:30:42 AM,BBM,REGION XI,11,0.9238,0.5686,446243,172427,0,-446243,0,-172427
13,5/10/16,10:30:42 AM,BBM,REGION XII,12,0.9284,0.5303,486292,195203,0,-486292,0,-195203
13,5/10/16,10:30:42 AM,BBM,REGION XIII,13,0.7628,0.4361,188305,72603,0,-188305,0,-72603
13,5/10/16,10:30:42 AM,BBM,ARMM,14,0.6264,0.2028,229692,154120,0,-229692,0,-154120
13,5/10/16,10:30:42 AM,BBM,OAV,15,0.1562,0.0000,38245,38245,0,-38245,0,-38245
13,5/10/16,10:30:42 AM,Leni,CAR,0.5,0.8457,0.6208,105851,27678,105851,0,27678,0
13,5/10/16,10:30:42 AM,Leni,REGION I,1,0.9302,0.7632,287945,60109,287945,0,60109,0
13,5/10/16,10:30:42 AM,Leni,REGION II,2,0.9037,0.7173,173563,41428,173563,0,41428,0
13,5/10/16,10:30:42 AM,Leni,REGION III,3,0.9699,0.8355,1295826,162057,1295826,0,162057,0
13,5/10/16,10:30:42 AM,Leni,NCR,3.5,0.9880,0.9050,1350695,112928,1350695,0,112928,0
13,5/10/16,10:30:42 AM,Leni,REGION IV-A,4,0.9579,0.7476,1896321,411694,1896321,0,411694,0
13,5/10/16,10:30:42 AM,Leni,REGION IV-B,4,0.8411,0.4697,430212,192413,430212,0,192413,0
13,5/10/16,10:30:42 AM,Leni,REGION V,5,0.9284,0.5443,1449915,549185,1449915,0,549185,0
13,5/10/16,10:30:42 AM,Leni,REGION VI,6,0.8922,0.6294,1169094,326517,1169094,0,326517,0
13,5/10/16,10:30:42 AM,Leni,NIR,6.5,0.9536,0.6117,946340,303377,946340,0,303377,0
13,5/10/16,10:30:42 AM,Leni,REGION VII,7,0.9615,0.6051,1083534,392061,1083534,0,392061,0
13,5/10/16,10:30:42 AM,Leni,REGION VIII,8,0.8959,0.4658,621239,303138,621239,0,303138,0
13,5/10/16,10:30:42 AM,Leni,REGION IX,9,0.9196,0.5499,452302,185179,452302,0,185179,0
13,5/10/16,10:30:42 AM,Leni,REGION X,10,0.9290,0.6169,671131,229691,671131,0,229691,0
13,5/10/16,10:30:42 AM,Leni,REGION XI,11,0.9238,0.5686,225828,108323,225828,0,108323,0
13,5/10/16,10:30:42 AM,Leni,REGION XII,12,0.9284,0.5303,406806,163381,406806,0,163381,0
13,5/10/16,10:30:42 AM,Leni,REGION XIII,13,0.7628,0.4361,358769,163446,358769,0,163446,0
13,5/10/16,10:30:42 AM,Leni,ARMM,14,0.6264,0.2028,372904,259405,372904,0,259405,0
13,5/10/16,10:30:42 AM,Leni,OAV,15,0.1562,0.0000,19289,19289,19289,0,19289,0
14,5/10/16,1:43:10 PM,BBM,CAR,0.5,0.8643,0.6208,405251,98795,0,-405251,0,-98795
14,5/10/16,1:43:10 PM,BBM,REGION I,1,0.9332,0.7632,1666018,289764,0,-1666018,0,-289764
14,5/10/16,1:43:10 PM,BBM,REGION II,2,0.9068,0.7173,997126,181835,0,-997126,0,-181835
14,5/10/16,1:43:10 PM,BBM,REGION III,3,0.9742,0.8355,2082321,298704,0,-2082321,0,-298704
14,5/10/16,1:43:10 PM,BBM,NCR,3.5,0.9895,0.9050,2163589,190714,0,-2163589,0,-190714
14,5/10/16,1:43:10 PM,BBM,REGION IV-A,4,0.9606,0.7476,1810415,349425,0,-1810415,0,-349425
14,5/10/16,1:43:10 PM,BBM,REGION IV-B,4,0.8616,0.4697,240151,95090,0,-240151,0,-95090
14,5/10/16,1:43:10 PM,BBM,REGION V,5,0.9424,0.5443,182121,74860,0,-182121,0,-74860
14,5/10/16,1:43:10 PM,BBM,REGION VI,6,0.9018,0.6294,254313,65141,0,-254313,0,-65141
14,5/10/16,1:43:10 PM,BBM,NIR,6.5,0.9594,0.6117,222354,63191,0,-222354,0,-63191
14,5/10/16,1:43:10 PM,BBM,REGION VII,7,0.9636,0.6051,385802,111329,0,-385802,0,-111329
14,5/10/16,1:43:10 PM,BBM,REGION VIII,8,0.9138,0.4658,688651,282007,0,-688651,0,-282007
14,5/10/16,1:43:10 PM,BBM,REGION IX,9,0.9349,0.5499,300404,110255,0,-300404,0,-110255
14,5/10/16,1:43:10 PM,BBM,REGION X,10,0.9371,0.6169,424035,125764,0,-424035,0,-125764
14,5/10/16,1:43:10 PM,BBM,REGION XI,11,0.9374,0.5686,453115,179299,0,-453115,0,-179299
14,5/10/16,1:43:10 PM,BBM,REGION XII,12,0.9319,0.5303,488154,197065,0,-488154,0,-197065
14,5/10/16,1:43:10 PM,BBM,REGION XIII,13,0.7853,0.4361,193568,77866,0,-193568,0,-77866
14,5/10/16,1:43:10 PM,BBM,ARMM,14,0.6624,0.2028,244237,168665,0,-244237,0,-168665
14,5/10/16,1:43:10 PM,BBM,OAV,15,0.1573,0.0000,39299,39299,0,-39299,0,-39299
14,5/10/16,1:43:10 PM,Leni,CAR,0.5,0.8643,0.6208,106694,28521,106694,0,28521,0
14,5/10/16,1:43:10 PM,Leni,REGION I,1,0.9332,0.7632,288783,60947,288783,0,60947,0
14,5/10/16,1:43:10 PM,Leni,REGION II,2,0.9068,0.7173,174031,41896,174031,0,41896,0
14,5/10/16,1:43:10 PM,Leni,REGION III,3,0.9742,0.8355,1301223,167454,1301223,0,167454,0
14,5/10/16,1:43:10 PM,Leni,NCR,3.5,0.9895,0.9050,1353286,115519,1353286,0,115519,0
14,5/10/16,1:43:10 PM,Leni,REGION IV-A,4,0.9606,0.7476,1900805,416178,1900805,0,416178,0
14,5/10/16,1:43:10 PM,Leni,REGION IV-B,4,0.8616,0.4697,439796,201997,439796,0,201997,0
14,5/10/16,1:43:10 PM,Leni,REGION V,5,0.9424,0.5443,1466836,566106,1466836,0,566106,0
14,5/10/16,1:43:10 PM,Leni,REGION VI,6,0.9018,0.6294,1179384,336807,1179384,0,336807,0
14,5/10/16,1:43:10 PM,Leni,NIR,6.5,0.9594,0.6117,950498,307535,950498,0,307535,0
14,5/10/16,1:43:10 PM,Leni,REGION VII,7,0.9636,0.6051,1085748,394275,1085748,0,394275,0
14,5/10/16,1:43:10 PM,Leni,REGION VIII,8,0.9138,0.4658,632127,314026,632127,0,314026,0
14,5/10/16,1:43:10 PM,Leni,REGION IX,9,0.9349,0.5499,459695,192572,459695,0,192572,0
14,5/10/16,1:43:10 PM,Leni,REGION X,10,0.9371,0.6169,676086,234646,676086,0,234646,0
14,5/10/16,1:43:10 PM,Leni,REGION XI,11,0.9374,0.5686,228926,111421,228926,0,111421,0
14,5/10/16,1:43:10 PM,Leni,REGION XII,12,0.9319,0.5303,407857,164432,407857,0,164432,0
14,5/10/16,1:43:10 PM,Leni,REGION XIII,13,0.7853,0.4361,368150,172827,368150,0,172827,0
14,5/10/16,1:43:10 PM,Leni,ARMM,14,0.6624,0.2028,386612,273113,386612,0,273113,0
14,5/10/16,1:43:10 PM,Leni,OAV,15,0.1573,0.0000,19560,19560,19560,0,19560,0
15,5/10/16,3:10:36 PM,BBM,CAR,0.5,0.8880,0.6208,413178,106722,0,-413178,0,-106722
15,5/10/16,3:10:36 PM,BBM,REGION I,1,0.9379,0.7632,1674243,297989,0,-1674243,0,-297989
15,5/10/16,3:10:36 PM,BBM,REGION II,2,0.9151,0.7173,1002863,187572,0,-1002863,0,-187572
15,5/10/16,3:10:36 PM,BBM,REGION III,3,0.9757,0.8355,2085414,301797,0,-2085414,0,-301797
15,5/10/16,3:10:36 PM,BBM,NCR,3.5,0.9909,0.9050,2167091,194216,0,-2167091,0,-194216
15,5/10/16,3:10:36 PM,BBM,REGION IV-A,4,0.9631,0.7476,1814153,353163,0,-1814153,0,-353163
15,5/10/16,3:10:36 PM,BBM,REGION IV-B,4,0.8782,0.4697,243327,98266,0,-243327,0,-98266
15,5/10/16,3:10:36 PM,BBM,REGION V,5,0.9477,0.5443,183085,75824,0,-183085,0,-75824
15,5/10/16,3:10:36 PM,BBM,REGION VI,6,0.9106,0.6294,256502,67330,0,-256502,0,-67330
15,5/10/16,3:10:36 PM,BBM,NIR,6.5,0.9617,0.6117,222665,63502,0,-222665,0,-63502
15,5/10/16,3:10:36 PM,BBM,REGION VII,7,0.9648,0.6051,386363,111890,0,-386363,0,-111890
15,5/10/16,3:10:36 PM,BBM,REGION VIII,8,0.9261,0.4658,694281,287637,0,-694281,0,-287637
15,5/10/16,3:10:36 PM,BBM,REGION IX,9,0.9399,0.5499,302054,111905,0,-302054,0,-111905
15,5/10/16,3:10:36 PM,BBM,REGION X,10,0.9408,0.6169,425728,127457,0,-425728,0,-127457
15,5/10/16,3:10:36 PM,BBM,REGION XI,11,0.9447,0.5686,460124,186308,0,-460124,0,-186308
15,5/10/16,3:10:36 PM,BBM,REGION XII,12,0.9378,0.5303,490906,199817,0,-490906,0,-199817
15,5/10/16,3:10:36 PM,BBM,REGION XIII,13,0.7984,0.4361,197915,82213,0,-197915,0,-82213
15,5/10/16,3:10:36 PM,BBM,ARMM,14,0.6771,0.2028,246008,170436,0,-246008,0,-170436
15,5/10/16,3:10:36 PM,BBM,OAV,15,0.1653,0.0000,41584,41584,0,-41584,0,-41584
15,5/10/16,3:10:36 PM,Leni,CAR,0.5,0.8880,0.6208,109018,30845,109018,0,30845,0
15,5/10/16,3:10:36 PM,Leni,REGION I,1,0.9379,0.7632,289869,62033,289869,0,62033,0
15,5/10/16,3:10:36 PM,Leni,REGION II,2,0.9151,0.7173,175978,43843,175978,0,43843,0
15,5/10/16,3:10:36 PM,Leni,REGION III,3,0.9757,0.8355,1302776,169007,1302776,0,169007,0
15,5/10/16,3:10:36 PM,Leni,NCR,3.5,0.9909,0.9050,1355371,117604,1355371,0,117604,0
15,5/10/16,3:10:36 PM,Leni,REGION IV-A,4,0.9631,0.7476,1905721,421094,1905721,0,421094,0
15,5/10/16,3:10:36 PM,Leni,REGION IV-B,4,0.8782,0.4697,447182,209383,447182,0,209383,0
15,5/10/16,3:10:36 PM,Leni,REGION V,5,0.9477,0.5443,1471685,570955,1471685,0,570955,0
15,5/10/16,3:10:36 PM,Leni,REGION VI,6,0.9106,0.6294,1189174,346597,1189174,0,346597,0
15,5/10/16,3:10:36 PM,Leni,NIR,6.5,0.9617,0.6117,952567,309604,952567,0,309604,0
15,5/10/16,3:10:36 PM,Leni,REGION VII,7,0.9648,0.6051,1086819,395346,1086819,0,395346,0
15,5/10/16,3:10:36 PM,Leni,REGION VIII,8,0.9261,0.4658,641786,323685,641786,0,323685,0
15,5/10/16,3:10:36 PM,Leni,REGION IX,9,0.9399,0.5499,461341,194218,461341,0,194218,0
15,5/10/16,3:10:36 PM,Leni,REGION X,10,0.9408,0.6169,678795,237355,678795,0,237355,0
15,5/10/16,3:10:36 PM,Leni,REGION XI,11,0.9447,0.5686,229886,112381,229886,0,112381,0
15,5/10/16,3:10:36 PM,Leni,REGION XII,12,0.9378,0.5303,410688,167263,410688,0,167263,0
15,5/10/16,3:10:36 PM,Leni,REGION XIII,13,0.7984,0.4361,374520,179197,374520,0,179197,0
15,5/10/16,3:10:36 PM,Leni,ARMM,14,0.6771,0.2028,394367,280868,394367,0,280868,0
15,5/10/16,3:10:36 PM,Leni,OAV,15,0.1653,0.0000,20655,20655,20655,0,20655,0
16,5/10/16,4:22:08 PM,BBM,CAR,0.5,0.8996,0.6208,418872,112416,0,-418872,0,-112416
16,5/10/16,4:22:08 PM,BBM,REGION I,1,0.9423,0.7632,1682815,306561,0,-1682815,0,-306561
16,5/10/16,4:22:08 PM,BBM,REGION II,2,0.9190,0.7173,1005955,190664,0,-1005955,0,-190664
16,5/10/16,4:22:08 PM,BBM,REGION III,3,0.9788,0.8355,2091829,308212,0,-2091829,0,-308212
16,5/10/16,4:22:08 PM,BBM,NCR,3.5,0.9928,0.9050,2171707,198832,0,-2171707,0,-198832
16,5/10/16,4:22:08 PM,BBM,REGION IV-A,4,0.9665,0.7476,1819187,358197,0,-1819187,0,-358197
16,5/10/16,4:22:08 PM,BBM,REGION IV-B,4,0.8870,0.4697,244754,99693,0,-244754,0,-99693
16,5/10/16,4:22:08 PM,BBM,REGION V,5,0.9501,0.5443,183539,76278,0,-183539,0,-76278
16,5/10/16,4:22:08 PM,BBM,REGION VI,6,0.9183,0.6294,258282,69110,0,-258282,0,-69110
16,5/10/16,4:22:08 PM,BBM,NIR,6.5,0.9641,0.6117,223119,63956,0,-223119,0,-63956
16,5/10/16,4:22:08 PM,BBM,REGION VII,7,0.9667,0.6051,386870,112397,0,-386870,0,-112397
16,5/10/16,4:22:08 PM,BBM,REGION VIII,8,0.9388,0.4658,700186,293542,0,-700186,0,-293542
16,5/10/16,4:22:08 PM,BBM,REGION IX,9,0.9431,0.5499,303085,112936,0,-303085,0,-112936
16,5/10/16,4:22:08 PM,BBM,REGION X,10,0.9436,0.6169,427051,128780,0,-427051,0,-128780
16,5/10/16,4:22:08 PM,BBM,REGION XI,11,0.9472,0.5686,461342,187526,0,-461342,0,-187526
16,5/10/16,4:22:08 PM,BBM,REGION XII,12,0.9398,0.5303,491912,200823,0,-491912,0,-200823
16,5/10/16,4:22:08 PM,BBM,REGION XIII,13,0.8074,0.4361,198898,83196,0,-198898,0,-83196
16,5/10/16,4:22:08 PM,BBM,ARMM,14,0.7102,0.2028,249963,174391,0,-249963,0,-174391
16,5/10/16,4:22:08 PM,BBM,OAV,15,0.1675,0.0000,43596,43596,0,-43596,0,-43596
16,5/10/16,4:22:08 PM,Leni,CAR,0.5,0.8996,0.6208,109921,31748,109921,0,31748,0
16,5/10/16,4:22:08 PM,Leni,REGION I,1,0.9423,0.7632,290423,62587,290423,0,62587,0
16,5/10/16,4:22:08 PM,Leni,REGION II,2,0.9190,0.7173,176983,44848,176983,0,44848,0
16,5/10/16,4:22:08 PM,Leni,REGION III,3,0.9788,0.8355,1306944,173175,1306944,0,173175,0
16,5/10/16,4:22:08 PM,Leni,NCR,3.5,0.9928,0.9050,1357446,119679,1357446,0,119679,0
16,5/10/16,4:22:08 PM,Leni,REGION IV-A,4,0.9665,0.7476,1912283,427656,1912283,0,427656,0
16,5/10/16,4:22:08 PM,Leni,REGION IV-B,4,0.8870,0.4697,450811,213012,450811,0,213012,0
16,5/10/16,4:22:08 PM,Leni,REGION V,5,0.9501,0.5443,1474085,573355,1474085,0,573355,0
16,5/10/16,4:22:08 PM,Leni,REGION VI,6,0.9183,0.6294,1197428,354851,1197428,0,354851,0
16,5/10/16,4:22:08 PM,Leni,NIR,6.5,0.9641,0.6117,954606,311643,954606,0,311643,0
16,5/10/16,4:22:08 PM,Leni,REGION VII,7,0.9667,0.6051,1088600,397127,1088600,0,397127,0
16,5/10/16,4:22:08 PM,Leni,REGION VIII,8,0.9388,0.4658,650345,332244,650345,0,332244,0
16,5/10/16,4:22:08 PM,Leni,REGION IX,9,0.9431,0.5499,462201,195078,462201,0,195078,0
16,5/10/16,4:22:08 PM,Leni,REGION X,10,0.9436,0.6169,679925,238485,679925,0,238485,0
16,5/10/16,4:22:08 PM,Leni,REGION XI,11,0.9472,0.5686,230438,112933,230438,0,112933,0
16,5/10/16,4:22:08 PM,Leni,REGION XII,12,0.9398,0.5303,411597,168172,411597,0,168172,0
16,5/10/16,4:22:08 PM,Leni,REGION XIII,13,0.8074,0.4361,379434,184111,379434,0,184111,0
16,5/10/16,4:22:08 PM,Leni,ARMM,14,0.7102,0.2028,408397,294898,408397,0,294898,0
16,5/10/16,4:22:08 PM,Leni,OAV,15,0.1675,0.0000,21164,21164,21164,0,21164,0
17,5/10/16,5:06:47 PM,BBM,CAR,0.5,0.8996,0.6208,418872,112416,0,-418872,0,-112416
17,5/10/16,5:06:47 PM,BBM,REGION I,1,0.9423,0.7632,1682815,306561,0,-1682815,0,-306561
17,5/10/16,5:06:47 PM,BBM,REGION II,2,0.9190,0.7173,1005955,190664,0,-1005955,0,-190664
17,5/10/16,5:06:47 PM,BBM,REGION III,3,0.9788,0.8355,2091829,308212,0,-2091829,0,-308212
17,5/10/16,5:06:47 PM,BBM,NCR,3.5,0.9928,0.9050,2171707,198832,0,-2171707,0,-198832
17,5/10/16,5:06:47 PM,BBM,REGION IV-A,4,0.9665,0.7476,1819187,358197,0,-1819187,0,-358197
17,5/10/16,5:06:47 PM,BBM,REGION IV-B,4,0.8870,0.4697,244754,99693,0,-244754,0,-99693
17,5/10/16,5:06:47 PM,BBM,REGION V,5,0.9501,0.5443,183539,76278,0,-183539,0,-76278
17,5/10/16,5:06:47 PM,BBM,REGION VI,6,0.9183,0.6294,258282,69110,0,-258282,0,-69110
17,5/10/16,5:06:47 PM,BBM,NIR,6.5,0.9641,0.6117,223119,63956,0,-223119,0,-63956
17,5/10/16,5:06:47 PM,BBM,REGION VII,7,0.9667,0.6051,386870,112397,0,-386870,0,-112397
17,5/10/16,5:06:47 PM,BBM,REGION VIII,8,0.9388,0.4658,700186,293542,0,-700186,0,-293542
17,5/10/16,5:06:47 PM,BBM,REGION IX,9,0.9431,0.5499,303085,112936,0,-303085,0,-112936
17,5/10/16,5:06:47 PM,BBM,REGION X,10,0.9436,0.6169,427051,128780,0,-427051,0,-128780
17,5/10/16,5:06:47 PM,BBM,REGION XI,11,0.9472,0.5686,461342,187526,0,-461342,0,-187526
17,5/10/16,5:06:47 PM,BBM,REGION XII,12,0.9398,0.5303,491912,200823,0,-491912,0,-200823
17,5/10/16,5:06:47 PM,BBM,REGION XIII,13,0.8074,0.4361,198898,83196,0,-198898,0,-83196
17,5/10/16,5:06:47 PM,BBM,ARMM,14,0.7102,0.2028,249963,174391,0,-249963,0,-174391
17,5/10/16,5:06:47 PM,BBM,OAV,15,0.1675,0.0000,43596,43596,0,-43596,0,-43596
17,5/10/16,5:06:47 PM,Leni,CAR,0.5,0.8996,0.6208,109921,31748,109921,0,31748,0
17,5/10/16,5:06:47 PM,Leni,REGION I,1,0.9423,0.7632,290423,62587,290423,0,62587,0
17,5/10/16,5:06:47 PM,Leni,REGION II,2,0.9190,0.7173,176983,44848,176983,0,44848,0
17,5/10/16,5:06:47 PM,Leni,REGION III,3,0.9788,0.8355,1306944,173175,1306944,0,173175,0
17,5/10/16,5:06:47 PM,Leni,NCR,3.5,0.9928,0.9050,1357446,119679,1357446,0,119679,0
17,5/10/16,5:06:47 PM,Leni,REGION IV-A,4,0.9665,0.7476,1912283,427656,1912283,0,427656,0
17,5/10/16,5:06:47 PM,Leni,REGION IV-B,4,0.8870,0.4697,450811,213012,450811,0,213012,0
17,5/10/16,5:06:47 PM,Leni,REGION V,5,0.9501,0.5443,1474085,573355,1474085,0,573355,0
17,5/10/16,5:06:47 PM,Leni,REGION VI,6,0.9183,0.6294,1197428,354851,1197428,0,354851,0
17,5/10/16,5:06:47 PM,Leni,NIR,6.5,0.9641,0.6117,954606,311643,954606,0,311643,0
17,5/10/16,5:06:47 PM,Leni,REGION VII,7,0.9667,0.6051,1088600,397127,1088600,0,397127,0
17,5/10/16,5:06:47 PM,Leni,REGION VIII,8,0.9388,0.4658,650345,332244,650345,0,332244,0
17,5/10/16,5:06:47 PM,Leni,REGION IX,9,0.9431,0.5499,462201,195078,462201,0,195078,0
17,5/10/16,5:06:47 PM,Leni,REGION X,10,0.9436,0.6169,679925,238485,679925,0,238485,0
17,5/10/16,5:06:47 PM,Leni,REGION XI,11,0.9472,0.5686,230438,112933,230438,0,112933,0
17,5/10/16,5:06:47 PM,Leni,REGION XII,12,0.9398,0.5303,411597,168172,411597,0,168172,0
17,5/10/16,5:06:47 PM,Leni,REGION XIII,13,0.8074,0.4361,379434,184111,379434,0,184111,0
17,5/10/16,5:06:47 PM,Leni,ARMM,14,0.7102,0.2028,408397,294898,408397,0,294898,0
17,5/10/16,5:06:47 PM,Leni,OAV,15,0.1675,0.0000,21164,21164,21164,0,21164,0
9.1,5/10/16,12:59:00 AM,Leni,ARMM,14,0.4396,0.2028,264497,150998,264497,0,150998,0
9.1,5/10/16,12:59:00 AM,Leni,CAR,0.5,0.7988,0.6208,101851,23678,101851,0,23678,0
9.1,5/10/16,12:59:00 AM,Leni,NCR,3.5,0.9597,0.9050,1314148,76381,1314148,0,76381,0
9.1,5/10/16,12:59:00 AM,Leni,NIR,6.5,0.8615,0.6117,875906,232943,875906,0,232943,0
9.1,5/10/16,12:59:00 AM,Leni,REGION I,1,0.9025,0.7632,276747,48911,276747,0,48911,0
9.1,5/10/16,12:59:00 AM,Leni,REGION II,2,0.8717,0.7173,164099,31964,164099,0,31964,0
9.1,5/10/16,12:59:00 AM,Leni,REGION III,3,0.9532,0.8355,1273870,140101,1273870,0,140101,0
9.1,5/10/16,12:59:00 AM,Leni,REGION IV-A,4,0.8953,0.7476,1773727,289100,1773727,0,289100,0
9.1,5/10/16,12:59:00 AM,Leni,REGION IV-B,4,0.7059,0.4697,357588,119789,357588,0,119789,0
9.1,5/10/16,12:59:00 AM,Leni,REGION V,5,0.8174,0.5443,1294284,393554,1294284,0,393554,0
9.1,5/10/16,12:59:00 AM,Leni,REGION VI,6,0.8550,0.6294,1125737,283160,1125737,0,283160,0
9.1,5/10/16,12:59:00 AM,Leni,REGION VII,7,0.8845,0.6051,995020,303547,995020,0,303547,0
9.1,5/10/16,12:59:00 AM,Leni,REGION VIII,8,0.7868,0.4658,542360,224259,542360,0,224259,0
9.1,5/10/16,12:59:00 AM,Leni,REGION IX,9,0.7982,0.5499,382216,115093,382216,0,115093,0
9.1,5/10/16,12:59:00 AM,Leni,REGION X,10,0.8639,0.6169,622728,181288,622728,0,181288,0
9.1,5/10/16,12:59:00 AM,Leni,REGION XI,11,0.8128,0.5686,186743,69238,186743,0,69238,0
9.1,5/10/16,12:59:00 AM,Leni,REGION XII,12,0.8543,0.5303,376800,133375,376800,0,133375,0
9.1,5/10/16,12:59:00 AM,Leni,REGION XIII,13,0.6519,0.4361,302913,107590,302913,0,107590,0
9.1,5/10/16,12:59:00 AM,Leni,OAV,15,0.0357,0.0000,3296,3296,3296,0,3296,0
9.1,5/10/16,12:59:00 AM,BBM,ARMM,14,0.4396,0.2028,164791,89219,0,-164791,0,-89219
9.1,5/10/16,12:59:00 AM,BBM,CAR,0.5,0.7988,0.6208,381470,75014,0,-381470,0,-75014
9.1,5/10/16,12:59:00 AM,BBM,NCR,3.5,0.9597,0.9050,2095573,122698,0,-2095573,0,-122698
9.1,5/10/16,12:59:00 AM,BBM,NIR,6.5,0.8615,0.6117,207859,48696,0,-207859,0,-48696
9.1,5/10/16,12:59:00 AM,BBM,REGION I,1,0.9025,0.7632,1614904,238650,0,-1614904,0,-238650
9.1,5/10/16,12:59:00 AM,BBM,REGION II,2,0.8717,0.7173,967142,151851,0,-967142,0,-151851
9.1,5/10/16,12:59:00 AM,BBM,REGION III,3,0.9532,0.8355,2036277,252660,0,-2036277,0,-252660
9.1,5/10/16,12:59:00 AM,BBM,REGION IV-A,4,0.8953,0.7476,1691027,230037,0,-1691027,0,-230037
9.1,5/10/16,12:59:00 AM,BBM,REGION IV-B,4,0.7059,0.4697,206460,61399,0,-206460,0,-61399
9.1,5/10/16,12:59:00 AM,BBM,REGION V,5,0.8174,0.5443,157202,49941,0,-157202,0,-49941
9.1,5/10/16,12:59:00 AM,BBM,REGION VI,6,0.8550,0.6294,244739,55567,0,-244739,0,-55567
9.1,5/10/16,12:59:00 AM,BBM,REGION VII,7,0.8845,0.6051,361091,86618,0,-361091,0,-86618
9.1,5/10/16,12:59:00 AM,BBM,REGION VIII,8,0.7868,0.4658,615666,209022,0,-615666,0,-209022
9.1,5/10/16,12:59:00 AM,BBM,REGION IX,9,0.7982,0.5499,265749,75600,0,-265749,0,-75600
9.1,5/10/16,12:59:00 AM,BBM,REGION X,10,0.8639,0.6169,395472,97201,0,-395472,0,-97201
9.1,5/10/16,12:59:00 AM,BBM,REGION XI,11,0.8128,0.5686,396154,122338,0,-396154,0,-122338
9.1,5/10/16,12:59:00 AM,BBM,REGION XII,12,0.8543,0.5303,450236,159147,0,-450236,0,-159147
9.1,5/10/16,12:59:00 AM,BBM,REGION XIII,13,0.6519,0.4361,161684,45982,0,-161684,0,-45982
9.1,5/10/16,12:59:00 AM,BBM,OAV,15,0.0357,0.0000,5437,5437,0,-5437,0,-5437
9.2,5/10/16,1:19:00 AM,Leni,ARMM,14,0.4513,0.2028,274133,160634,274133,0,160634,0
9.2,5/10/16,1:19:00 AM,Leni,CAR,0.5,0.8028,0.6208,102286,24113,102286,0,24113,0
9.2,5/10/16,1:19:00 AM,Leni,NCR,3.5,0.9622,0.9050,1317059,79292,1317059,0,79292,0
9.2,5/10/16,1:19:00 AM,Leni,NIR,6.5,0.8747,0.6117,886910,243947,886910,0,243947,0
9.2,5/10/16,1:19:00 AM,Leni,REGION I,1,0.9072,0.7632,278644,50808,278644,0,50808,0
9.2,5/10/16,1:19:00 AM,Leni,REGION II,2,0.8737,0.7173,164499,32364,164499,0,32364,0
9.2,5/10/16,1:19:00 AM,Leni,REGION III,3,0.9574,0.8355,1278210,144441,1278210,0,144441,0
9.2,5/10/16,1:19:00 AM,Leni,REGION IV-A,4,0.9032,0.7476,1789239,304612,1789239,0,304612,0
9.2,5/10/16,1:19:00 AM,Leni,REGION IV-B,4,0.7193,0.4697,364812,127013,364812,0,127013,0
9.2,5/10/16,1:19:00 AM,Leni,REGION V,5,0.8281,0.5443,1306838,406108,1306838,0,406108,0
9.2,5/10/16,1:19:00 AM,Leni,REGION VI,6,0.8618,0.6294,1134567,291990,1134567,0,291990,0
9.2,5/10/16,1:19:00 AM,Leni,REGION VII,7,0.8999,0.6051,1011078,319605,1011078,0,319605,0
9.2,5/10/16,1:19:00 AM,Leni,REGION VIII,8,0.8015,0.4658,552172,234071,552172,0,234071,0
9.2,5/10/16,1:19:00 AM,Leni,REGION IX,9,0.8158,0.5499,392011,124888,392011,0,124888,0
9.2,5/10/16,1:19:00 AM,Leni,REGION X,10,0.8719,0.6169,629361,187921,629361,0,187921,0
9.2,5/10/16,1:19:00 AM,Leni,REGION XI,11,0.8262,0.5686,190700,73195,190700,0,73195,0
9.2,5/10/16,1:19:00 AM,Leni,REGION XII,12,0.8720,0.5303,384635,141210,384635,0,141210,0
9.2,5/10/16,1:19:00 AM,Leni,REGION XIII,13,0.6632,0.4361,308128,112805,308128,0,112805,0
9.2,5/10/16,1:19:00 AM,Leni,OAV,15,0.0402,0.0000,3296,3296,3296,0,3296,0
9.2,5/10/16,1:19:00 AM,BBM,ARMM,14,0.4513,0.2028,168510,92938,0,-168510,0,-92938
9.2,5/10/16,1:19:00 AM,BBM,CAR,0.5,0.8028,0.6208,383258,76802,0,-383258,0,-76802
9.2,5/10/16,1:19:00 AM,BBM,NCR,3.5,0.9622,0.9050,2101255,128380,0,-2101255,0,-128380
9.2,5/10/16,1:19:00 AM,BBM,NIR,6.5,0.8747,0.6117,210176,51013,0,-210176,0,-51013
9.2,5/10/16,1:19:00 AM,BBM,REGION I,1,0.9072,0.7632,1622884,246630,0,-1622884,0,-246630
9.2,5/10/16,1:19:00 AM,BBM,REGION II,2,0.8737,0.7173,968519,153228,0,-968519,0,-153228
9.2,5/10/16,1:19:00 AM,BBM,REGION III,3,0.9574,0.8355,2046580,262963,0,-2046580,0,-262963
9.2,5/10/16,1:19:00 AM,BBM,REGION IV-A,4,0.9032,0.7476,1707142,246152,0,-1707142,0,-246152
9.2,5/10/16,1:19:00 AM,BBM,REGION IV-B,4,0.7193,0.4697,209864,64803,0,-209864,0,-64803
9.2,5/10/16,1:19:00 AM,BBM,REGION V,5,0.8281,0.5443,159398,52137,0,-159398,0,-52137
9.2,5/10/16,1:19:00 AM,BBM,REGION VI,6,0.8618,0.6294,246418,57246,0,-246418,0,-57246
9.2,5/10/16,1:19:00 AM,BBM,REGION VII,7,0.8999,0.6051,365798,91325,0,-365798,0,-91325
9.2,5/10/16,1:19:00 AM,BBM,REGION VIII,8,0.8015,0.4658,625968,219324,0,-625968,0,-219324
9.2,5/10/16,1:19:00 AM,BBM,REGION IX,9,0.8158,0.5499,270096,79947,0,-270096,0,-79947
9.2,5/10/16,1:19:00 AM,BBM,REGION X,10,0.8719,0.6169,398247,99976,0,-398247,0,-99976
9.2,5/10/16,1:19:00 AM,BBM,REGION XI,11,0.8262,0.5686,401456,127640,0,-401456,0,-127640
9.2,5/10/16,1:19:00 AM,BBM,REGION XII,12,0.8720,0.5303,460626,169537,0,-460626,0,-169537
9.2,5/10/16,1:19:00 AM,BBM,REGION XIII,13,0.6632,0.4361,164949,49247,0,-164949,0,-49247
9.2,5/10/16,1:19:00 AM,BBM,OAV,15,0.0402,0.0000,5437,5437,0,-5437,0,-5437
9.3,5/10/16,1:44:00 AM,Leni,ARMM,14,0.4593,0.2028,278270,164771,278270,0,164771,0
9.3,5/10/16,1:44:00 AM,Leni,CAR,0.5,0.8053,0.6208,102642,24469,102642,0,24469,0
9.3,5/10/16,1:44:00 AM,Leni,NCR,3.5,0.9642,0.9050,1319742,81975,1319742,0,81975,0
9.3,5/10/16,1:44:00 AM,Leni,NIR,6.5,0.8854,0.6117,895339,252376,895339,0,252376,0
9.3,5/10/16,1:44:00 AM,Leni,REGION I,1,0.9111,0.7632,280378,52542,280378,0,52542,0
9.3,5/10/16,1:44:00 AM,Leni,REGION II,2,0.8779,0.7173,165105,32970,165105,0,32970,0
9.3,5/10/16,1:44:00 AM,Leni,REGION III,3,0.9589,0.8355,1279918,146149,1279918,0,146149,0
9.3,5/10/16,1:44:00 AM,Leni,REGION IV-A,4,0.9111,0.7476,1806893,322266,1806893,0,322266,0
9.3,5/10/16,1:44:00 AM,Leni,REGION IV-B,4,0.7313,0.4697,371028,133229,371028,0,133229,0
9.3,5/10/16,1:44:00 AM,Leni,REGION V,5,0.8376,0.5443,1319705,418975,1319705,0,418975,0
9.3,5/10/16,1:44:00 AM,Leni,REGION VI,6,0.8657,0.6294,1139566,296989,1139566,0,296989,0
9.3,5/10/16,1:44:00 AM,Leni,REGION VII,7,0.9100,0.6051,1022692,331219,1022692,0,331219,0
9.3,5/10/16,1:44:00 AM,Leni,REGION VIII,8,0.8154,0.4658,563337,245236,563337,0,245236,0
9.3,5/10/16,1:44:00 AM,Leni,REGION IX,9,0.8320,0.5499,401088,133965,401088,0,133965,0
9.3,5/10/16,1:44:00 AM,Leni,REGION X,10,0.8788,0.6169,634821,193381,634821,0,193381,0
9.3,5/10/16,1:44:00 AM,Leni,REGION XI,11,0.8352,0.5686,193560,76055,193560,0,76055,0
9.3,5/10/16,1:44:00 AM,Leni,REGION XII,12,0.8796,0.5303,387629,144204,387629,0,144204,0
9.3,5/10/16,1:44:00 AM,Leni,REGION XIII,13,0.6707,0.4361,311520,116197,311520,0,116197,0
9.3,5/10/16,1:44:00 AM,Leni,OAV,15,0.0413,0.0000,3296,3296,3296,0,3296,0
9.3,5/10/16,1:44:00 AM,BBM,ARMM,14,0.4593,0.2028,172552,96980,0,-172552,0,-96980
9.3,5/10/16,1:44:00 AM,BBM,CAR,0.5,0.8053,0.6208,384404,77948,0,-384404,0,-77948
9.3,5/10/16,1:44:00 AM,BBM,NCR,3.5,0.9642,0.9050,2105578,132703,0,-2105578,0,-132703
9.3,5/10/16,1:44:00 AM,BBM,NIR,6.5,0.8854,0.6117,212006,52843,0,-212006,0,-52843
9.3,5/10/16,1:44:00 AM,BBM,REGION I,1,0.9111,0.7632,1629301,253047,0,-1629301,0,-253047
9.3,5/10/16,1:44:00 AM,BBM,REGION II,2,0.8779,0.7173,973014,157723,0,-973014,0,-157723
9.3,5/10/16,1:44:00 AM,BBM,REGION III,3,0.9589,0.8355,2050470,266853,0,-2050470,0,-266853
9.3,5/10/16,1:44:00 AM,BBM,REGION IV-A,4,0.9111,0.7476,1721908,260918,0,-1721908,0,-260918
9.3,5/10/16,1:44:00 AM,BBM,REGION IV-B,4,0.7313,0.4697,213124,68063,0,-213124,0,-68063
9.3,5/10/16,1:44:00 AM,BBM,REGION V,5,0.8376,0.5443,161498,54237,0,-161498,0,-54237
9.3,5/10/16,1:44:00 AM,BBM,REGION VI,6,0.8657,0.6294,247521,58349,0,-247521,0,-58349
9.3,5/10/16,1:44:00 AM,BBM,REGION VII,7,0.9100,0.6051,369084,94611,0,-369084,0,-94611
9.3,5/10/16,1:44:00 AM,BBM,REGION VIII,8,0.8154,0.4658,634242,227598,0,-634242,0,-227598
9.3,5/10/16,1:44:00 AM,BBM,REGION IX,9,0.8320,0.5499,275371,85222,0,-275371,0,-85222
9.3,5/10/16,1:44:00 AM,BBM,REGION X,10,0.8788,0.6169,400612,102341,0,-400612,0,-102341
9.3,5/10/16,1:44:00 AM,BBM,REGION XI,11,0.8352,0.5686,405121,131305,0,-405121,0,-131305
9.3,5/10/16,1:44:00 AM,BBM,REGION XII,12,0.8796,0.5303,464291,173202,0,-464291,0,-173202
9.3,5/10/16,1:44:00 AM,BBM,REGION XIII,13,0.6707,0.4361,167585,51883,0,-167585,0,-51883
9.3,5/10/16,1:44:00 AM,BBM,OAV,15,0.0413,0.0000,5437,5437,0,-5437,0,-5437
9.4,5/10/16,2:18:00 AM,Leni,ARMM,14,0.4839,0.2028,295903,182404,295903,0,182404,0
9.4,5/10/16,2:18:00 AM,Leni,CAR,0.5,0.8104,0.6208,103214,25041,103214,0,25041,0
9.4,5/10/16,2:18:00 AM,Leni,NCR,3.5,0.9693,0.9050,1326133,88366,1326133,0,88366,0
9.4,5/10/16,2:18:00 AM,Leni,NIR,6.5,0.8977,0.6117,904516,261553,904516,0,261553,0
9.4,5/10/16,2:18:00 AM,Leni,REGION I,1,0.9146,0.7632,281740,53904,281740,0,53904,0
9.4,5/10/16,2:18:00 AM,Leni,REGION II,2,0.8881,0.7173,166483,34348,166483,0,34348,0
9.4,5/10/16,2:18:00 AM,Leni,REGION III,3,0.9617,0.8355,1283992,150223,1283992,0,150223,0
9.4,5/10/16,2:18:00 AM,Leni,REGION IV-A,4,0.9192,0.7476,1823069,338442,1823069,0,338442,0
9.4,5/10/16,2:18:00 AM,Leni,REGION IV-B,4,0.7479,0.4697,380391,142592,380391,0,142592,0
9.4,5/10/16,2:18:00 AM,Leni,REGION V,5,0.8574,0.5443,1348173,447443,1348173,0,447443,0
9.4,5/10/16,2:18:00 AM,Leni,REGION VI,6,0.8702,0.6294,1145124,302547,1145124,0,302547,0
9.4,5/10/16,2:18:00 AM,Leni,REGION VII,7,0.9249,0.6051,1040947,349474,1040947,0,349474,0
9.4,5/10/16,2:18:00 AM,Leni,REGION VIII,8,0.8325,0.4658,576385,258284,576385,0,258284,0
9.4,5/10/16,2:18:00 AM,Leni,REGION IX,9,0.8581,0.5499,417379,150256,417379,0,150256,0
9.4,5/10/16,2:18:00 AM,Leni,REGION X,10,0.8885,0.6169,641876,200436,641876,0,200436,0
9.4,5/10/16,2:18:00 AM,Leni,REGION XI,11,0.8452,0.5686,201208,83703,201208,0,83703,0
9.4,5/10/16,2:18:00 AM,Leni,REGION XII,12,0.8903,0.5303,392615,149190,392615,0,149190,0
9.4,5/10/16,2:18:00 AM,Leni,REGION XIII,13,0.6894,0.4361,321375,126052,321375,0,126052,0
9.4,5/10/16,2:18:00 AM,Leni,OAV,15,0.0628,0.0000,7467,7467,7467,0,7467,0
9.4,5/10/16,2:18:00 AM,BBM,ARMM,14,0.4839,0.2028,179351,103779,0,-179351,0,-103779
9.4,5/10/16,2:18:00 AM,BBM,CAR,0.5,0.8104,0.6208,385446,78990,0,-385446,0,-78990
9.4,5/10/16,2:18:00 AM,BBM,NCR,3.5,0.9693,0.9050,2115890,143015,0,-2115890,0,-143015
9.4,5/10/16,2:18:00 AM,BBM,NIR,6.5,0.8977,0.6117,214210,55047,0,-214210,0,-55047
9.4,5/10/16,2:18:00 AM,BBM,REGION I,1,0.9146,0.7632,1634602,258348,0,-1634602,0,-258348
9.4,5/10/16,2:18:00 AM,BBM,REGION II,2,0.8881,0.7173,983873,168582,0,-983873,0,-168582
9.4,5/10/16,2:18:00 AM,BBM,REGION III,3,0.9617,0.8355,2057042,273425,0,-2057042,0,-273425
9.4,5/10/16,2:18:00 AM,BBM,REGION IV-A,4,0.9192,0.7476,1736521,275531,0,-1736521,0,-275531
9.4,5/10/16,2:18:00 AM,BBM,REGION IV-B,4,0.7479,0.4697,217029,71968,0,-217029,0,-71968
9.4,5/10/16,2:18:00 AM,BBM,REGION V,5,0.8574,0.5443,165776,58515,0,-165776,0,-58515
9.4,5/10/16,2:18:00 AM,BBM,REGION VI,6,0.8702,0.6294,248785,59613,0,-248785,0,-59613
9.4,5/10/16,2:18:00 AM,BBM,REGION VII,7,0.9249,0.6051,374857,100384,0,-374857,0,-100384
9.4,5/10/16,2:18:00 AM,BBM,REGION VIII,8,0.8325,0.4658,645895,239251,0,-645895,0,-239251
9.4,5/10/16,2:18:00 AM,BBM,REGION IX,9,0.8581,0.5499,281847,91698,0,-281847,0,-91698
9.4,5/10/16,2:18:00 AM,BBM,REGION X,10,0.8885,0.6169,405228,106957,0,-405228,0,-106957
9.4,5/10/16,2:18:00 AM,BBM,REGION XI,11,0.8452,0.5686,416148,142332,0,-416148,0,-142332
9.4,5/10/16,2:18:00 AM,BBM,REGION XII,12,0.8903,0.5303,469331,178242,0,-469331,0,-178242
9.4,5/10/16,2:18:00 AM,BBM,REGION XIII,13,0.6894,0.4361,171810,56108,0,-171810,0,-56108
9.4,5/10/16,2:18:00 AM,BBM,OAV,15,0.0628,0.0000,14115,14115,0,-14115,0,-14115
9.5,5/10/16,2:40:00 AM,Leni,ARMM,14,0.4927,0.2028,299593,186094,299593,0,186094,0
9.5,5/10/16,2:40:00 AM,Leni,CAR,0.5,0.8114,0.6208,103322,25149,103322,0,25149,0
9.5,5/10/16,2:40:00 AM,Leni,NCR,3.5,0.9720,0.9050,1329531,91764,1329531,0,91764,0
9.5,5/10/16,2:40:00 AM,Leni,NIR,6.5,0.9042,0.6117,908985,266022,908985,0,266022,0
9.5,5/10/16,2:40:00 AM,Leni,REGION I,1,0.9165,0.7632,282875,55039,282875,0,55039,0
9.5,5/10/16,2:40:00 AM,Leni,REGION II,2,0.8884,0.7173,166492,34357,166492,0,34357,0
9.5,5/10/16,2:40:00 AM,Leni,REGION III,3,0.9621,0.8355,1284484,150715,1284484,0,150715,0
9.5,5/10/16,2:40:00 AM,Leni,REGION IV-A,4,0.9243,0.7476,1833157,348530,1833157,0,348530,0
9.5,5/10/16,2:40:00 AM,Leni,REGION IV-B,4,0.7578,0.4697,386218,148419,386218,0,148419,0
9.5,5/10/16,2:40:00 AM,Leni,REGION V,5,0.8646,0.5443,1359019,458289,1359019,0,458289,0
9.5,5/10/16,2:40:00 AM,Leni,REGION VI,6,0.8708,0.6294,1146046,303469,1146046,0,303469,0
9.5,5/10/16,2:40:00 AM,Leni,REGION VII,7,0.9316,0.6051,1048625,357152,1048625,0,357152,0
9.5,5/10/16,2:40:00 AM,Leni,REGION VIII,8,0.8379,0.4658,580148,262047,580148,0,262047,0
9.5,5/10/16,2:40:00 AM,Leni,REGION IX,9,0.8622,0.5499,419299,152176,419299,0,152176,0
9.5,5/10/16,2:40:00 AM,Leni,REGION X,10,0.8915,0.6169,644255,202815,644255,0,202815,0
9.5,5/10/16,2:40:00 AM,Leni,REGION XI,11,0.8620,0.5686,203885,86380,203885,0,86380,0
9.5,5/10/16,2:40:00 AM,Leni,REGION XII,12,0.8924,0.5303,393417,149992,393417,0,149992,0
9.5,5/10/16,2:40:00 AM,Leni,REGION XIII,13,0.6954,0.4361,324463,129140,324463,0,129140,0
9.5,5/10/16,2:40:00 AM,Leni,OAV,15,0.0764,0.0000,9582,9582,9582,0,9582,0
9.5,5/10/16,2:40:00 AM,BBM,ARMM,14,0.4927,0.2028,183383,107811,0,-183383,0,-107811
9.5,5/10/16,2:40:00 AM,BBM,CAR,0.5,0.8114,0.6208,385720,79264,0,-385720,0,-79264
9.5,5/10/16,2:40:00 AM,BBM,NCR,3.5,0.9720,0.9050,2122152,149277,0,-2122152,0,-149277
9.5,5/10/16,2:40:00 AM,BBM,NIR,6.5,0.9042,0.6117,215242,56079,0,-215242,0,-56079
9.5,5/10/16,2:40:00 AM,BBM,REGION I,1,0.9165,0.7632,1637035,260781,0,-1637035,0,-260781
9.5,5/10/16,2:40:00 AM,BBM,REGION II,2,0.8884,0.7173,984139,168848,0,-984139,0,-168848
9.5,5/10/16,2:40:00 AM,BBM,REGION III,3,0.9621,0.8355,2057939,274322,0,-2057939,0,-274322
9.5,5/10/16,2:40:00 AM,BBM,REGION IV-A,4,0.9243,0.7476,1744237,283247,0,-1744237,0,-283247
9.5,5/10/16,2:40:00 AM,BBM,REGION IV-B,4,0.7578,0.4697,219051,73990,0,-219051,0,-73990
9.5,5/10/16,2:40:00 AM,BBM,REGION V,5,0.8646,0.5443,167440,60179,0,-167440,0,-60179
9.5,5/10/16,2:40:00 AM,BBM,REGION VI,6,0.8708,0.6294,248909,59737,0,-248909,0,-59737
9.5,5/10/16,2:40:00 AM,BBM,REGION VII,7,0.9316,0.6051,376741,102268,0,-376741,0,-102268
9.5,5/10/16,2:40:00 AM,BBM,REGION VIII,8,0.8379,0.4658,649578,242934,0,-649578,0,-242934
9.5,5/10/16,2:40:00 AM,BBM,REGION IX,9,0.8622,0.5499,283167,93018,0,-283167,0,-93018
9.5,5/10/16,2:40:00 AM,BBM,REGION X,10,0.8915,0.6169,406775,108504,0,-406775,0,-108504
9.5,5/10/16,2:40:00 AM,BBM,REGION XI,11,0.8620,0.5686,419518,145702,0,-419518,0,-145702
9.5,5/10/16,2:40:00 AM,BBM,REGION XII,12,0.8924,0.5303,470369,179280,0,-470369,0,-179280
9.5,5/10/16,2:40:00 AM,BBM,REGION XIII,13,0.6954,0.4361,173007,57305,0,-173007,0,-57305
9.5,5/10/16,2:40:00 AM,BBM,OAV,15,0.0764,0.0000,17920,17920,0,-17920,0,-17920
9.6,5/10/16,2:59:00 AM,Leni,ARMM,14,0.5001,0.2028,302681,189182,302681,0,189182,0
9.6,5/10/16,2:59:00 AM,Leni,CAR,0.5,0.8114,0.6208,103322,25149,103322,0,25149,0
9.6,5/10/16,2:59:00 AM,Leni,NCR,3.5,0.9737,0.9050,1331928,94161,1331928,0,94161,0
9.6,5/10/16,2:59:00 AM,Leni,NIR,6.5,0.9089,0.6117,913090,270127,913090,0,270127,0
9.6,5/10/16,2:59:00 AM,Leni,REGION I,1,0.9167,0.7632,282941,55105,282941,0,55105,0
9.6,5/10/16,2:59:00 AM,Leni,REGION II,2,0.8887,0.7173,166585,34450,166585,0,34450,0
9.6,5/10/16,2:59:00 AM,Leni,REGION III,3,0.9630,0.8355,1285744,151975,1285744,0,151975,0
9.6,5/10/16,2:59:00 AM,Leni,REGION IV-A,4,0.9268,0.7476,1838203,353576,1838203,0,353576,0
9.6,5/10/16,2:59:00 AM,Leni,REGION IV-B,4,0.7613,0.4697,388188,150389,388188,0,150389,0
9.6,5/10/16,2:59:00 AM,Leni,REGION V,5,0.8716,0.5443,1369402,468672,1369402,0,468672,0
9.6,5/10/16,2:59:00 AM,Leni,REGION VI,6,0.8714,0.6294,1146777,304200,1146777,0,304200,0
9.6,5/10/16,2:59:00 AM,Leni,REGION VII,7,0.9388,0.6051,1056756,365283,1056756,0,365283,0
9.6,5/10/16,2:59:00 AM,Leni,REGION VIII,8,0.8434,0.4658,583361,265260,583361,0,265260,0
9.6,5/10/16,2:59:00 AM,Leni,REGION IX,9,0.8692,0.5499,423416,156293,423416,0,156293,0
9.6,5/10/16,2:59:00 AM,Leni,REGION X,10,0.8945,0.6169,645964,204524,645964,0,204524,0
9.6,5/10/16,2:59:00 AM,Leni,REGION XI,11,0.8693,0.5686,207309,89804,207309,0,89804,0
9.6,5/10/16,2:59:00 AM,Leni,REGION XII,12,0.8950,0.5303,394279,150854,394279,0,150854,0
9.6,5/10/16,2:59:00 AM,Leni,REGION XIII,13,0.7010,0.4361,327094,131771,327094,0,131771,0
9.6,5/10/16,2:59:00 AM,Leni,OAV,15,0.0872,0.0000,10912,10912,10912,0,10912,0
9.6,5/10/16,2:59:00 AM,BBM,ARMM,14,0.5001,0.2028,187425,111853,0,-187425,0,-111853
9.6,5/10/16,2:59:00 AM,BBM,CAR,0.5,0.8114,0.6208,385720,79264,0,-385720,0,-79264
9.6,5/10/16,2:59:00 AM,BBM,NCR,3.5,0.9737,0.9050,2126458,153583,0,-2126458,0,-153583
9.6,5/10/16,2:59:00 AM,BBM,NIR,6.5,0.9089,0.6117,215721,56558,0,-215721,0,-56558
9.6,5/10/16,2:59:00 AM,BBM,REGION I,1,0.9167,0.7632,1637431,261177,0,-1637431,0,-261177
9.6,5/10/16,2:59:00 AM,BBM,REGION II,2,0.8887,0.7173,984340,169049,0,-984340,0,-169049
9.6,5/10/16,2:59:00 AM,BBM,REGION III,3,0.9630,0.8355,2059286,275669,0,-2059286,0,-275669
9.6,5/10/16,2:59:00 AM,BBM,REGION IV-A,4,0.9268,0.7476,1748488,287498,0,-1748488,0,-287498
9.6,5/10/16,2:59:00 AM,BBM,REGION IV-B,4,0.7613,0.4697,220002,74941,0,-220002,0,-74941
9.6,5/10/16,2:59:00 AM,BBM,REGION V,5,0.8716,0.5443,168675,61414,0,-168675,0,-61414
9.6,5/10/16,2:59:00 AM,BBM,REGION VI,6,0.8714,0.6294,249032,59860,0,-249032,0,-59860
9.6,5/10/16,2:59:00 AM,BBM,REGION VII,7,0.9388,0.6051,378479,104006,0,-378479,0,-104006
9.6,5/10/16,2:59:00 AM,BBM,REGION VIII,8,0.8434,0.4658,654316,247672,0,-654316,0,-247672
9.6,5/10/16,2:59:00 AM,BBM,REGION IX,9,0.8692,0.5499,284917,94768,0,-284917,0,-94768
9.6,5/10/16,2:59:00 AM,BBM,REGION X,10,0.8945,0.6169,408024,109753,0,-408024,0,-109753
9.6,5/10/16,2:59:00 AM,BBM,REGION XI,11,0.8693,0.5686,423255,149439,0,-423255,0,-149439
9.6,5/10/16,2:59:00 AM,BBM,REGION XII,12,0.8950,0.5303,472565,181476,0,-472565,0,-181476
9.6,5/10/16,2:59:00 AM,BBM,REGION XIII,13,0.7010,0.4361,174290,58588,0,-174290,0,-58588
9.6,5/10/16,2:59:00 AM,BBM,OAV,15,0.0872,0.0000,20536,20536,0,-20536,0,-20536
9.7,5/10/16,3:21:00 AM,Leni,ARMM,14,0.5049,0.2028,304255,190756,304255,0,190756,0
9.7,5/10/16,3:21:00 AM,Leni,CAR,0.5,0.8154,0.6208,103585,25412,103585,0,25412,0
9.7,5/10/16,3:21:00 AM,Leni,NCR,3.5,0.9741,0.9050,1332498,94731,1332498,0,94731,0
9.7,5/10/16,3:21:00 AM,Leni,NIR,6.5,0.9130,0.6117,916272,273309,916272,0,273309,0
9.7,5/10/16,3:21:00 AM,Leni,REGION I,1,0.9172,0.7632,283179,55343,283179,0,55343,0
9.7,5/10/16,3:21:00 AM,Leni,REGION II,2,0.8887,0.7173,166585,34450,166585,0,34450,0
9.7,5/10/16,3:21:00 AM,Leni,REGION III,3,0.9633,0.8355,1286214,152445,1286214,0,152445,0
9.7,5/10/16,3:21:00 AM,Leni,REGION IV-A,4,0.9286,0.7476,1842331,357704,1842331,0,357704,0
9.7,5/10/16,3:21:00 AM,Leni,REGION IV-B,4,0.7691,0.4697,391522,153723,391522,0,153723,0
9.7,5/10/16,3:21:00 AM,Leni,REGION V,5,0.8766,0.5443,1377153,476423,1377153,0,476423,0
9.7,5/10/16,3:21:00 AM,Leni,REGION VI,6,0.8716,0.6294,1147074,304497,1147074,0,304497,0
9.7,5/10/16,3:21:00 AM,Leni,REGION VII,7,0.9410,0.6051,1060171,368698,1060171,0,368698,0
9.7,5/10/16,3:21:00 AM,Leni,REGION VIII,8,0.8464,0.4658,585500,267399,585500,0,267399,0
9.7,5/10/16,3:21:00 AM,Leni,REGION IX,9,0.8742,0.5499,426668,159545,426668,0,159545,0
9.7,5/10/16,3:21:00 AM,Leni,REGION X,10,0.8973,0.6169,647927,206487,647927,0,206487,0
9.7,5/10/16,3:21:00 AM,Leni,REGION XI,11,0.8751,0.5686,209633,92128,209633,0,92128,0
9.7,5/10/16,3:21:00 AM,Leni,REGION XII,12,0.8962,0.5303,394888,151463,394888,0,151463,0
9.7,5/10/16,3:21:00 AM,Leni,REGION XIII,13,0.7085,0.4361,330875,135552,330875,0,135552,0
9.7,5/10/16,3:21:00 AM,Leni,OAV,15,0.0951,0.0000,11654,11654,11654,0,11654,0
9.7,5/10/16,3:21:00 AM,BBM,ARMM,14,0.5049,0.2028,188823,113251,0,-188823,0,-113251
9.7,5/10/16,3:21:00 AM,BBM,CAR,0.5,0.8154,0.6208,386646,80190,0,-386646,0,-80190
9.7,5/10/16,3:21:00 AM,BBM,NCR,3.5,0.9741,0.9050,2127438,154563,0,-2127438,0,-154563
9.7,5/10/16,3:21:00 AM,BBM,NIR,6.5,0.9130,0.6117,216526,57363,0,-216526,0,-57363
9.7,5/10/16,3:21:00 AM,BBM,REGION I,1,0.9172,0.7632,1638433,262179,0,-1638433,0,-262179
9.7,5/10/16,3:21:00 AM,BBM,REGION II,2,0.8887,0.7173,984340,169049,0,-984340,0,-169049
9.7,5/10/16,3:21:00 AM,BBM,REGION III,3,0.9633,0.8355,2059944,276327,0,-2059944,0,-276327
9.7,5/10/16,3:21:00 AM,BBM,REGION IV-A,4,0.9286,0.7476,1751620,290630,0,-1751620,0,-290630
9.7,5/10/16,3:21:00 AM,BBM,REGION IV-B,4,0.7691,0.4697,221853,76792,0,-221853,0,-76792
9.7,5/10/16,3:21:00 AM,BBM,REGION V,5,0.8766,0.5443,169850,62589,0,-169850,0,-62589
9.7,5/10/16,3:21:00 AM,BBM,REGION VI,6,0.8716,0.6294,249103,59931,0,-249103,0,-59931
9.7,5/10/16,3:21:00 AM,BBM,REGION VII,7,0.9410,0.6051,379236,104763,0,-379236,0,-104763
9.7,5/10/16,3:21:00 AM,BBM,REGION VIII,8,0.8464,0.4658,656212,249568,0,-656212,0,-249568
9.7,5/10/16,3:21:00 AM,BBM,REGION IX,9,0.8742,0.5499,286341,96192,0,-286341,0,-96192
9.7,5/10/16,3:21:00 AM,BBM,REGION X,10,0.8973,0.6169,409274,111003,0,-409274,0,-111003
9.7,5/10/16,3:21:00 AM,BBM,REGION XI,11,0.8751,0.5686,426603,152787,0,-426603,0,-152787
9.7,5/10/16,3:21:00 AM,BBM,REGION XII,12,0.8962,0.5303,473439,182350,0,-473439,0,-182350
9.7,5/10/16,3:21:00 AM,BBM,REGION XIII,13,0.7085,0.4361,175688,59986,0,-175688,0,-59986
9.7,5/10/16,3:21:00 AM,BBM,OAV,15,0.0951,0.0000,22154,22154,0,-22154,0,-22154
9.8,5/10/16,3:41:00 AM,Leni,ARMM,14,0.5124,0.2028,308184,194685,308184,0,194685,0
9.8,5/10/16,3:41:00 AM,Leni,CAR,0.5,0.8154,0.6208,103585,25412,103585,0,25412,0
9.8,5/10/16,3:41:00 AM,Leni,NCR,3.5,0.9758,0.9050,1334600,96833,1334600,0,96833,0
9.8,5/10/16,3:41:00 AM,Leni,NIR,6.5,0.9154,0.6117,918351,275388,918351,0,275388,0
9.8,5/10/16,3:41:00 AM,Leni,REGION I,1,0.9198,0.7632,283691,55855,283691,0,55855,0
9.8,5/10/16,3:41:00 AM,Leni,REGION II,2,0.8887,0.7173,166585,34450,166585,0,34450,0
9.8,5/10/16,3:41:00 AM,Leni,REGION III,3,0.9647,0.8355,1288199,154430,1288199,0,154430,0
9.8,5/10/16,3:41:00 AM,Leni,REGION IV-A,4,0.9323,0.7476,1850119,365492,1850119,0,365492,0
9.8,5/10/16,3:41:00 AM,Leni,REGION IV-B,4,0.7751,0.4697,394908,157109,394908,0,157109,0
9.8,5/10/16,3:41:00 AM,Leni,REGION V,5,0.8781,0.5443,1379769,479039,1379769,0,479039,0
9.8,5/10/16,3:41:00 AM,Leni,REGION VI,6,0.8720,0.6294,1147415,304838,1147415,0,304838,0
9.8,5/10/16,3:41:00 AM,Leni,REGION VII,7,0.9440,0.6051,1063821,372348,1063821,0,372348,0
9.8,5/10/16,3:41:00 AM,Leni,REGION VIII,8,0.8493,0.4658,588119,270018,588119,0,270018,0
9.8,5/10/16,3:41:00 AM,Leni,REGION IX,9,0.8783,0.5499,429659,162536,429659,0,162536,0
9.8,5/10/16,3:41:00 AM,Leni,REGION X,10,0.9009,0.6169,650602,209162,650602,0,209162,0
9.8,5/10/16,3:41:00 AM,Leni,REGION XI,11,0.8785,0.5686,211518,94013,211518,0,94013,0
9.8,5/10/16,3:41:00 AM,Leni,REGION XII,12,0.8979,0.5303,395685,152260,395685,0,152260,0
9.8,5/10/16,3:41:00 AM,Leni,REGION XIII,13,0.7134,0.4361,333444,138121,333444,0,138121,0
9.8,5/10/16,3:41:00 AM,Leni,OAV,15,0.1041,0.0000,12468,12468,12468,0,12468,0
9.8,5/10/16,3:41:00 AM,BBM,ARMM,14,0.5124,0.2028,191495,115923,0,-191495,0,-115923
9.8,5/10/16,3:41:00 AM,BBM,CAR,0.5,0.8154,0.6208,386646,80190,0,-386646,0,-80190
9.8,5/10/16,3:41:00 AM,BBM,NCR,3.5,0.9758,0.9050,2132451,159576,0,-2132451,0,-159576
9.8,5/10/16,3:41:00 AM,BBM,NIR,6.5,0.9154,0.6117,216760,57597,0,-216760,0,-57597
9.8,5/10/16,3:41:00 AM,BBM,REGION I,1,0.9198,0.7632,1644169,267915,0,-1644169,0,-267915
9.8,5/10/16,3:41:00 AM,BBM,REGION II,2,0.8887,0.7173,984340,169049,0,-984340,0,-169049
9.8,5/10/16,3:41:00 AM,BBM,REGION III,3,0.9647,0.8355,2062624,279007,0,-2062624,0,-279007
9.8,5/10/16,3:41:00 AM,BBM,REGION IV-A,4,0.9323,0.7476,1758464,297474,0,-1758464,0,-297474
9.8,5/10/16,3:41:00 AM,BBM,REGION IV-B,4,0.7751,0.4697,223503,78442,0,-223503,0,-78442
9.8,5/10/16,3:41:00 AM,BBM,REGION V,5,0.8781,0.5443,170081,62820,0,-170081,0,-62820
9.8,5/10/16,3:41:00 AM,BBM,REGION VI,6,0.8720,0.6294,249211,60039,0,-249211,0,-60039
9.8,5/10/16,3:41:00 AM,BBM,REGION VII,7,0.9440,0.6051,380127,105654,0,-380127,0,-105654
9.8,5/10/16,3:41:00 AM,BBM,REGION VIII,8,0.8493,0.4658,658000,251356,0,-658000,0,-251356
9.8,5/10/16,3:41:00 AM,BBM,REGION IX,9,0.8783,0.5499,287841,97692,0,-287841,0,-97692
9.8,5/10/16,3:41:00 AM,BBM,REGION X,10,0.9009,0.6169,411168,112897,0,-411168,0,-112897
9.8,5/10/16,3:41:00 AM,BBM,REGION XI,11,0.8785,0.5686,428181,154365,0,-428181,0,-154365
9.8,5/10/16,3:41:00 AM,BBM,REGION XII,12,0.8979,0.5303,474379,183290,0,-474379,0,-183290
9.8,5/10/16,3:41:00 AM,BBM,REGION XIII,13,0.7134,0.4361,177025,61323,0,-177025,0,-61323
9.8,5/10/16,3:41:00 AM,BBM,OAV,15,0.1041,0.0000,23682,23682,0,-23682,0,-23682
9.9,5/10/16,4:00:00 AM,Leni,ARMM,14,0.5223,0.2028,314781,201282,314781,0,201282,0
9.9,5/10/16,4:00:00 AM,Leni,CAR,0.5,0.8180,0.6208,103696,25523,103696,0,25523,0
9.9,5/10/16,4:00:00 AM,Leni,NCR,3.5,0.9772,0.9050,1336411,98644,1336411,0,98644,0
9.9,5/10/16,4:00:00 AM,Leni,NIR,6.5,0.9195,0.6117,922229,279266,922229,0,279266,0
9.9,5/10/16,4:00:00 AM,Leni,REGION I,1,0.9224,0.7632,284719,56883,284719,0,56883,0
9.9,5/10/16,4:00:00 AM,Leni,REGION II,2,0.8890,0.7173,166698,34563,166698,0,34563,0
9.9,5/10/16,4:00:00 AM,Leni,REGION III,3,0.9651,0.8355,1288637,154868,1288637,0,154868,0
9.9,5/10/16,4:00:00 AM,Leni,REGION IV-A,4,0.9347,0.7476,1854905,370278,1854905,0,370278,0
9.9,5/10/16,4:00:00 AM,Leni,REGION IV-B,4,0.7797,0.4697,396728,158929,396728,0,158929,0
9.9,5/10/16,4:00:00 AM,Leni,REGION V,5,0.8794,0.5443,1381940,481210,1381940,0,481210,0
9.9,5/10/16,4:00:00 AM,Leni,REGION VI,6,0.8726,0.6294,1147820,305243,1147820,0,305243,0
9.9,5/10/16,4:00:00 AM,Leni,REGION VII,7,0.9452,0.6051,1065272,373799,1065272,0,373799,0
9.9,5/10/16,4:00:00 AM,Leni,REGION VIII,8,0.8514,0.4658,590206,272105,590206,0,272105,0
9.9,5/10/16,4:00:00 AM,Leni,REGION IX,9,0.8827,0.5499,432346,165223,432346,0,165223,0
9.9,5/10/16,4:00:00 AM,Leni,REGION X,10,0.9028,0.6169,651789,210349,651789,0,210349,0
9.9,5/10/16,4:00:00 AM,Leni,REGION XI,11,0.8829,0.5686,212824,95319,212824,0,95319,0
9.9,5/10/16,4:00:00 AM,Leni,REGION XII,12,0.8999,0.5303,396499,153074,396499,0,153074,0
9.9,5/10/16,4:00:00 AM,Leni,REGION XIII,13,0.7212,0.4361,337490,142167,337490,0,142167,0
9.9,5/10/16,4:00:00 AM,Leni,OAV,15,0.1154,0.0000,14579,14579,14579,0,14579,0
9.9,5/10/16,4:00:00 AM,BBM,ARMM,14,0.5223,0.2028,192995,117423,0,-192995,0,-117423
9.9,5/10/16,4:00:00 AM,BBM,CAR,0.5,0.8180,0.6208,387759,81303,0,-387759,0,-81303
9.9,5/10/16,4:00:00 AM,BBM,NCR,3.5,0.9772,0.9050,2135926,163051,0,-2135926,0,-163051
9.9,5/10/16,4:00:00 AM,BBM,NIR,6.5,0.9195,0.6117,217303,58140,0,-217303,0,-58140
9.9,5/10/16,4:00:00 AM,BBM,REGION I,1,0.9224,0.7632,1649018,272764,0,-1649018,0,-272764
9.9,5/10/16,4:00:00 AM,BBM,REGION II,2,0.8890,0.7173,984505,169214,0,-984505,0,-169214
9.9,5/10/16,4:00:00 AM,BBM,REGION III,3,0.9651,0.8355,2063237,279620,0,-2063237,0,-279620
9.9,5/10/16,4:00:00 AM,BBM,REGION IV-A,4,0.9347,0.7476,1763192,302202,0,-1763192,0,-302202
9.9,5/10/16,4:00:00 AM,BBM,REGION IV-B,4,0.7797,0.4697,224920,79859,0,-224920,0,-79859
9.9,5/10/16,4:00:00 AM,BBM,REGION V,5,0.8794,0.5443,170298,63037,0,-170298,0,-63037
9.9,5/10/16,4:00:00 AM,BBM,REGION VI,6,0.8726,0.6294,249257,60085,0,-249257,0,-60085
9.9,5/10/16,4:00:00 AM,BBM,REGION VII,7,0.9452,0.6051,380380,105907,0,-380380,0,-105907
9.9,5/10/16,4:00:00 AM,BBM,REGION VIII,8,0.8514,0.4658,659524,252880,0,-659524,0,-252880
9.9,5/10/16,4:00:00 AM,BBM,REGION IX,9,0.8827,0.5499,288910,98761,0,-288910,0,-98761
9.9,5/10/16,4:00:00 AM,BBM,REGION X,10,0.9028,0.6169,412119,113848,0,-412119,0,-113848
9.9,5/10/16,4:00:00 AM,BBM,REGION XI,11,0.8829,0.5686,429985,156169,0,-429985,0,-156169
9.9,5/10/16,4:00:00 AM,BBM,REGION XII,12,0.8999,0.5303,475328,184239,0,-475328,0,-184239
9.9,5/10/16,4:00:00 AM,BBM,REGION XIII,13,0.7212,0.4361,179298,63596,0,-179298,0,-63596
9.9,5/10/16,4:00:00 AM,BBM,OAV,15,0.1154,0.0000,26729,26729,0,-26729,0,-26729